client_id,Conso moyenne (kWh/j),Volatilité (écart-type),Tendance linéaire (slope),Variation journalière moy,Ratio 1ère/2ème période,Amplitude max-min,Coefficient de variation,Jours très faible conso (<0.5 kWh),Ratio Weekend/Weekday,Volatilité Weekend vs Weekday,Autocorrélation temporelle (lag-1),Instabilité directionnelle,score_IF,label_IF
AGR_CEN_0002,-0.6302004539816988,-0.680131553944421,-0.8480900865731348,0.4640228095081073,1.9475771408394262,-0.6984604118932619,-0.454898217852456,-0.07946148665290104,-0.14629598470018376,2.394965798777014,-2.160955541492001,0.12763465583106934,0.08871202578710641,1
AGR_CEN_0014,-0.11818245456828734,-0.14732524662514002,-0.20710006386272306,0.6708963497708869,0.08820825231878088,0.10813646801767801,0.13905763575789432,-0.07946148665290104,-0.605697927348532,1.4562194952645224,-1.2273435057927808,-0.7628396871763954,0.10575520023797974,1
AGR_CEN_0038,-0.04302360367784244,-0.30530335568862943,-0.13653831219986015,0.9726844060831485,0.2847436214430051,-0.21975089490797323,-0.6064922391067844,-0.07946148665290104,-0.06359107429038685,1.6791400132842635,-0.9972545858036146,1.4633461703422666,0.08770423660828042,1
AGR_CEN_0073,-0.3371705695959999,-0.4584447989346611,0.2505412355212688,1.0051023921986408,-0.6149093845149934,-0.43783972967820883,-0.3970979370001991,-0.07946148665290104,-0.05954216376152294,0.7756248040275076,-2.305501664725083,1.4633461703422666,0.10079229940625878,1
AGR_CEN_0170,-0.5349073790631088,-0.566271982384192,0.17830201890323016,0.7818527558569012,-0.6413351065390104,-0.5551793655366065,-0.09380371604692594,-0.07946148665290104,0.6069757143089107,0.7388083874340715,0.4877046014623061,0.5728718273348017,0.1410696243460255,1
AGR_CEN_0185,-0.5563928035077609,-0.6173222192799791,-0.34849412605218155,0.482069935799206,0.34732389923745166,-0.6550236315240864,-0.3714288100295307,-0.07946148665290104,-0.19053177583370276,1.4667755795958324,-4.832244805598764,1.0181089988385341,0.07510309565617362,1
AGR_CEN_0197,-0.1789062039794173,-0.3298558770073386,-1.7139325623073958,0.22105501666313018,1.0614029298259726,-0.27042713867201135,-0.35146021266096,-0.07946148665290104,-0.8089824532842425,1.0017950884450868,0.48604666879794683,1.4633461703422666,0.09083998706689483,1
AGR_CEN_0208,-0.19956886777441402,-0.44072267546655564,-1.0940100564533755,0.2835515465971203,-0.04945164284148715,-0.3211033824360496,-0.7343234513389715,-0.07946148665290104,-0.2025175653069689,0.5845521690038638,1.4195525129738724,-1.6533140301838603,0.09679404421346466,1
AGR_EST_0053,-0.2046057683369368,-0.37298532691102165,-0.16572259496839592,0.5148221279571258,-0.10738558306466046,-0.21884596198361547,-0.4475020097314766,-0.07946148665290104,0.37043762461130925,0.7098329052988888,-0.9709102780248798,1.0181089988385341,0.1358912902146996,1
AGR_EST_0087,-0.35551211188343307,-0.4617243440960058,0.20974095886958163,0.517495776296548,-0.78753217342608,-0.3591105652590782,-0.3435406573150917,-0.07946148665290104,-0.5041001129367916,1.6133348871599111,0.34670912749461474,1.0181089988385341,0.1359178311939837,1
AGR_EST_0115,-0.008962650604315885,-0.038704467635546976,-1.1724540896798041,0.6391467757402497,0.7624359636758444,0.29063127442983944,0.1594843839418351,-0.07946148665290104,-0.4359704080783977,1.3287011474922936,-3.0319429364660753,1.9085833418459988,0.03623397093218972,1
AGR_EST_0140,-0.20823126648419735,-0.5376454521457161,-1.7370924010433668,0.21637613206914158,1.0611058166940357,-0.47554526819311815,-1.1072078256715299,-0.07946148665290104,-0.12426924703412244,1.3113802600442124,1.4017244859512827,0.5728718273348017,0.08140873042300956,1
AGR_EST_0165,-0.43297870605949573,-0.5996194414265825,-0.8407669599946296,0.5799923062305378,1.1285841140670023,-0.5587990972340379,-0.828221292294357,-0.07946148665290104,-0.10952065451732515,2.8919288743339235,1.0729787143257088,0.12763465583106934,0.09788598899286727,1
AGR_EST_0184,-0.0006146401102543056,-0.0689571799955423,-1.1054997895334442,0.465693839720246,0.5956488999163665,0.3759966136275941,0.04098042496201348,-0.07946148665290104,-0.36205917490430095,-0.031181082200484194,-0.7239157154956778,1.4633461703422666,0.09182715838046546,1
AGR_EST_0228,-0.256647051705365,-0.45847877412363586,0.03293976004560278,0.39517636476798995,-0.9668459342910325,-0.288525797159168,-0.6581945215528412,-0.07946148665290104,-0.18521349417645322,0.9582645585144594,-0.9642352781588922,-0.7628396871763954,0.12922796882245713,1
AGR_EST_0236,-0.5621855736102105,-0.5978812162057447,0.5455405832835689,0.7601293630990973,-1.5878991753604383,-0.5759928227968365,-0.1664937574382156,-0.07946148665290104,0.015147157831396698,1.8156716891993914,-0.7992796532360089,0.12763465583106934,0.12082255186305757,1
AGR_NOR_0027,-0.347117277612562,-0.6009776295709582,-0.6249692102772274,0.5021222983448713,0.6645122382591184,-0.5557826541528451,-1.0911695907258074,-0.07946148665290104,-0.04095387632828382,1.109115801299379,-1.1185444940962805,1.0181089988385341,0.1409007521189392,1
AGR_NOR_0109,-0.29567132512071337,0.33066521334372034,0.18174713510149193,1.5120929585615432,1.0581385600646525,0.5479338692555804,3.153499849531322,-0.07946148665290104,0.0423843379772906,0.9764942962627753,-2.5127057760453875,1.9085833418459988,-0.019673136888271547,-1
AGR_NOR_0135,-0.24130892024472156,-0.3918285054876117,-0.6835181483901199,0.2507993544392004,-0.6550903559613858,-0.2417709294006803,-0.4150132984750889,-0.07946148665290104,0.32999603025906016,1.7876143360137717,-0.8065868251172171,0.5728718273348017,0.11187920855293026,1
AGR_NOR_0188,-0.2400714347147525,-0.4012040077658491,-0.7108806681428239,0.47037272431423477,0.965982880077856,-0.3301527116796276,-0.4589548564464243,-0.07946148665290104,-0.48209789355743704,0.09668243852086203,-1.1682285428456738,0.12763465583106934,0.14550280474582727,1
AGR_NOR_0225,-0.2963134797741027,-0.43568518943911233,-1.1126425435361247,0.7765054591780572,1.4259819604037698,-0.2275936469190744,-0.4318527535829175,-0.07946148665290104,0.22568237027157725,-0.20366348128512268,-1.2327707363484868,1.4633461703422666,0.10611871298427972,1
AGR_NOR_0250,-0.40811528057357715,-0.43261361279618854,1.298289453975348,0.7367349401291544,-1.375346948613668,-0.31265734180870985,0.05657558105194449,-0.07946148665290104,-0.2683793458871717,1.740662735876741,-0.46455029587540403,1.9085833418459988,0.06914980391870568,1
AGR_OUE_0103,-0.6094240753001643,-0.6305870409626425,0.1409288211922256,0.6942907727408296,-1.1228310796857255,-0.6242559120959204,-0.10396008818906659,-0.07946148665290104,0.42461888926457,0.03280689233892573,-0.3791735061755412,1.4633461703422666,0.13738380574646153,1
AGR_OUE_0191,-0.043277789894809085,-0.21742984566152834,-0.8864192589360159,-0.10680111095849633,1.1722929280431273,0.030613880831024662,-0.31882252372076547,-0.07946148665290104,0.30051088093861467,1.7878401825404628,0.11151161960536338,0.5728718273348017,0.09212271140821143,1
AGR_OUE_0238,-0.3998074047453524,-0.493191423865604,-1.1692434578301092,0.5362113146725022,0.18575389553265023,-0.4619712743277508,-0.33147816617177245,-0.07946148665290104,-0.04645088730763619,1.5024283527345037,-0.3860472159065329,1.0181089988385341,0.14170827146083798,1
AGR_SUD_0041,-0.006775311316208532,-0.23298703731130033,-2.966529915126295,0.29157249161538645,1.9210160137602919,0.16062257763043206,-0.4552041648121938,-0.07946148665290104,-0.44263965960670243,0.4209354553588295,-0.4376671643278468,0.12763465583106934,0.05290299289294281,1
AGR_SUD_0219,-0.17173547701656955,-0.3330001979511848,-2.6210623206480665,0.5522532047090344,2.3050376381461897,-0.1325756898615031,-0.3845105903059627,-0.07946148665290104,-0.489381635242575,0.7153852722168936,-1.7397299450811967,2.353820513349731,0.04203466798791422,1
AGR_SUD_0241,-0.6157854198353024,-0.6564731233923669,-0.9081361170653836,0.435949501944176,0.731958310461558,-0.6161115157767001,-0.3167191328023516,-0.07946148665290104,0.2840087729428125,1.894187913840206,-1.632954615183265,0.12763465583106934,0.11982104461242371,1
AGR_SUD_0248,0.18252652921419255,-0.13911605660330031,-2.08775472570536,0.26249656592417175,1.1652170079707054,0.21401362016754352,-0.5630164632914404,-0.07946148665290104,-0.2911351374311154,3.3269049655209484,-1.5358603891012552,1.0181089988385341,0.007404098195721853,1
COM_CEN_0008,0.6363760196080859,1.183272775794439,0.7441488265248088,-1.014504722192275,0.6563750992241799,1.1479043981048174,1.2655036146268124,-0.07946148665290104,1.3141944228430813,-0.5998518174814486,0.7907885763226031,-0.317602515672663,0.11721492090460328,1
COM_CEN_0013,0.6433728296856405,1.2080578700546811,-0.3871840435667156,-1.1114244744963246,1.2152373105360106,1.438387866823679,1.2930483918617766,-0.07946148665290104,1.5747473670640229,-1.05668656547653,0.7697862518289336,-1.2080768586801278,0.09475535972948346,1
COM_CEN_0015,0.14240524159930404,0.4981591415952679,1.181642509189113,-0.7702001051775873,0.3708189398401318,0.4740310137663583,1.2133728082510362,-0.07946148665290104,1.8804340091508052,-0.8260369217089729,1.1164660044722012,-1.2080768586801278,0.0832375245438392,1
COM_CEN_0082,-0.20998381355907245,0.10905681956982614,1.2418328377420227,-0.05800702876404443,-0.2339950866255058,0.1159792200287793,1.535848283221824,-0.07946148665290104,2.1746368263658398,-0.3394980272426434,1.0374150458188967,-1.2080768586801278,0.05582541216466863,1
COM_CEN_0085,0.6275530822349548,1.1163586665946121,0.5881806602086677,-0.7772184320685704,0.7511498280527836,1.016387479764814,1.1657723649267488,-0.07946148665290104,1.6821887873665047,-0.8449575433289634,1.0121369610356235,-1.2080768586801278,0.10400719983446094,1
COM_CEN_0088,-0.09138587601122765,0.13391797823885007,0.18207180573797035,-0.26053589047526315,0.4952796324490376,0.0656046205728604,1.0272741755674226,-0.07946148665290104,1.7863005033732673,-1.1311764683093715,0.8124895274797066,-0.317602515672663,0.1013814443323266,1
COM_CEN_0127,1.0228260278399892,1.7140850423378833,2.3542085501142984,-1.222046674539911,0.38517516472377056,1.7916133516313493,1.2799761407593866,-0.07946148665290104,1.617692886346807,-0.971961370968757,0.8826846518932806,-1.2080768586801278,0.07116260046375911,1
COM_CEN_0139,0.1426126040394605,1.791910672789614,1.74485587720365,-1.837319998649405,1.2199574346466449,1.7726097602198352,4.6706439287047985,14.819567260766043,2.1587316316439544,0.08599630824691644,0.2324504167255166,-1.6533140301838603,-0.12475117341918895,-1
COM_CEN_0158,1.02247150495843,1.593800662056643,1.214380131701402,-1.35305544317159,0.6549834663186178,1.5855902891858844,1.1079347819048244,-0.07946148665290104,1.516708226165629,-1.0667012788830876,0.7516950945343718,0.5728718273348017,0.10413373372484264,1
COM_CEN_0166,0.5498791256187354,1.0101607247281685,-0.12497643008947243,-0.7762158139412872,1.065439759701709,1.0094496606780703,1.1574189859109847,-0.07946148665290104,1.759972393544399,-1.4589212495031139,1.185409039076957,-1.2080768586801278,0.08991159364657758,1
COM_CEN_0180,-0.1746385511787672,0.04525361223019577,0.5569220928181413,-0.1368796547769939,0.07506612546339704,-0.0076949463001233,1.0902840454301383,-0.07946148665290104,2.0037038236427027,-1.004571732744437,1.2629621355767917,-1.2080768586801278,0.08596824845719703,1
COM_CEN_0207,-0.30112295056355,-0.13728015436929508,0.5801360433268581,-0.10412746261907453,-0.49649936618391316,-0.2306100900002672,0.9947540205944393,-0.07946148665290104,1.3103619754026241,-1.0550931237990775,0.9594042280260452,-0.317602515672663,0.0908498738237925,1
COM_CEN_0227,0.4006383707044675,0.751711313982793,-0.15800264872308373,-0.740789973443945,1.0118326813798044,0.8408304924393961,1.0224328599132648,-0.07946148665290104,1.1743665601312159,-1.006294276812179,0.6254810916558988,-0.317602515672663,0.11556039631754794,1
COM_CEN_0254,0.5449024270549676,1.001355945108156,1.2998947699001793,-1.0135021040649927,0.09247346524044488,1.083654160475412,1.1530164054477186,-0.07946148665290104,1.464842063495329,-0.7734038560512341,0.6717545769844467,0.5728718273348017,0.11114926345943049,1
COM_CEN_0288,0.8679664197085641,1.4564748039046675,-1.0721669375209313,-1.9549605255839744,1.427133070306471,1.3310024931332167,1.2047637965181741,-0.07946148665290104,1.1869922683864345,-0.8852115410268833,0.3412171753572057,0.5728718273348017,0.06353557041941049,1
COM_EST_0011,0.12252520378812548,0.4547172665284516,0.32995928065714425,-0.4252994693921461,1.0162521944806815,0.4414534284894763,1.1669314048429371,-0.07946148665290104,1.3924030325502206,-1.4696894538858003,1.1487887572814515,-1.2080768586801278,0.08883423890682329,1
COM_EST_0023,-0.015772165574632128,0.2123325940985275,0.23943028485042253,-0.41393646394960204,0.6085912377267743,0.13166472405098145,0.9738908716267146,-0.07946148665290104,1.137857675904168,-1.1583515517223293,0.393393273427596,-0.317602515672663,0.1163802292327617,1
COM_EST_0079,0.46516822425912424,0.9212873131083285,0.9516674750118302,-0.7802262864504207,-0.08079202285858089,1.1720359427543596,1.2019462613478977,-0.07946148665290104,1.6039736014184462,-0.25443939587119174,0.8258777426230058,-0.317602515672663,0.09776358074673053,1
COM_EST_0153,0.7492882128290456,1.3700075992754386,2.7026703293512315,-1.7915337708368022,-0.6526434472009929,1.5267696491026261,1.3235064929659315,-0.07946148665290104,1.7192456853486333,-0.6757408391140863,0.8105322431714522,-0.317602515672663,0.03926277419098967,1
COM_EST_0163,0.3592528411157188,0.7883694887171339,0.30297554331367443,-0.5345848452660211,0.7935807209295043,0.884568917116691,1.2181218003950278,-0.07946148665290104,1.5398372207631157,-1.2640446233988287,0.6059940506713546,0.5728718273348017,0.10723221117055715,1
COM_EST_0224,0.6737280152802329,0.9839590102456466,-0.2535279648801757,-1.0021390986224488,1.1385229261438408,0.937356671037564,0.8264892101859973,-0.07946148665290104,1.4659546089207525,-1.2483977432630728,1.1114010386259296,-0.317602515672663,0.10109634207455742,1
COM_EST_0255,0.9414998166326171,1.528647115225318,0.09644894399368331,-1.7541026940848947,0.8657655543320218,1.767481806981807,1.1668520534841267,-0.07946148665290104,1.2084210816745846,-0.8522099150213954,-0.23109276428044723,-0.317602515672663,0.07631713911907961,1
COM_EST_0276,0.4039628588579519,0.8263275584247268,-0.11112381626608547,-1.642143669871597,0.8962447754412588,0.9753638538605923,1.172337425776688,-0.07946148665290104,1.2247411994001556,-0.919233575602388,-0.08658051430692851,-0.317602515672663,0.09186367397328193,1
COM_EST_0299,-0.3279997984522834,0.8559709744619514,-1.060532906380194,-0.40959178539804025,-3.0380246836260327,0.9141300593123798,6.0836056811793116,-0.07946148665290104,1.1917543639860972,2.0982702119511565,-2.5634637489378886,1.0181089988385341,-0.09543605067793404,-1
COM_NOR_0018,0.024703644921815014,0.32255757056867523,0.7872759094046484,-0.4323177962831285,0.5991301832836691,0.28580496549993073,1.1552106926204384,-0.07946148665290104,1.734129351025086,-0.9773813187317711,1.0588286117567116,-1.2080768586801278,0.09593809136014264,1
COM_NOR_0078,0.9439212748047732,1.5420581329504397,1.4932541711849217,-1.4426226625422294,-0.022629713393421975,1.5696031408555637,1.1821839753581072,-0.07946148665290104,1.4046416352305247,-1.0019002055803776,0.5583390351665035,0.5728718273348017,0.10256305435406954,1
COM_NOR_0101,0.8386681136476754,1.3219682776866004,-0.3969963116916162,-1.3814629567779493,0.9414540445130479,1.4389911554399175,1.0526635938818911,-0.07946148665290104,1.6542983428597606,-0.677920424533096,0.5235107111628948,-0.317602515672663,0.09856439350371976,1
COM_NOR_0108,-0.1958162765186701,0.039788377052012436,0.9455528446913628,-0.11582467410404566,-0.24940751327758026,0.024580994668639083,1.1770684271828766,-0.07946148665290104,2.209947268122679,-0.6945540747173249,1.3845785676084732,-0.317602515672663,0.07282589644459331,1
COM_NOR_0117,0.8903682523564905,1.362306151581563,0.728149779049093,-1.2801985259223392,0.5774281820379727,1.355737326398998,1.0136248011405762,-0.07946148665290104,1.7596929851031533,-1.0750512598050221,1.271522817611266,-1.2080768586801278,0.09442613136385786,1
COM_NOR_0144,0.4815097223656883,0.8865842111703355,2.0631052499898233,-1.0866932273566705,-0.4203473431051479,1.026643386240869,1.0888654760696994,-0.07946148665290104,1.7172243256923532,-0.9264261235497196,0.6562208360738466,0.5728718273348017,0.08628183061233774,1
COM_NOR_0181,0.9212318103850162,1.4794905114624641,2.509184667263408,-1.551573832373676,0.2111592447613023,1.5011298829124882,1.1326059666304298,-0.07946148665290104,1.3440542943992762,-1.0807593346828626,0.6007801573598871,-1.2080768586801278,0.09256939230820305,1
COM_NOR_0193,0.6292922510878844,1.051471154604282,-0.15740741922285156,-1.3256505476925144,1.0755221493811493,1.1910395341658737,1.0441745137355183,-0.07946148665290104,1.373333143591432,-0.4839750301148411,0.2684677110717453,0.5728718273348017,0.09766181170480176,1
COM_NOR_0212,0.16373012738060855,0.48038959197642506,0.24258680492736392,-0.9205928242700765,0.6333555264521599,0.4321024549377787,1.0926572781853943,-0.07946148665290104,1.5578001156176613,-1.114763428193458,0.1255909812250348,-0.317602515672663,0.10715151856700655,1
COM_NOR_0275,1.0567598878050322,1.6387210035457787,3.908460998743453,-1.1181085953448795,-0.2454699507265276,1.6634145206806576,1.1089169442264792,-0.07946148665290104,1.8577947704034168,-0.9725357774997441,0.9419633482880918,0.5728718273348017,0.02741687040618712,1
COM_NOR_0280,-0.19142153060953687,-0.011480454947085779,-0.1734966529864678,-0.21775751704451052,0.668576163059944,-0.036652799879573573,0.9505021905083901,-0.07946148665290104,1.4303647897530278,-0.6393625512987781,-0.4368845534483495,2.353820513349731,0.06714563729935741,1
COM_OUE_0044,0.6170779344515416,1.0613694031773804,1.5801576782175573,-1.1211164497267292,0.16826360210154923,1.0993396644976146,1.090472444023812,-0.07946148665290104,1.6295796401213531,-1.053116423285853,0.5195932930556778,-0.317602515672663,0.11691644471544643,1
COM_OUE_0052,-0.06047549420589264,0.22907542166379413,-0.7659123410271287,-0.4951485322595463,1.2112003322300793,0.21069553277823153,1.2147730518952085,-0.07946148665290104,1.7108300584966516,-1.0267879980248857,0.8175835319241712,-1.2080768586801278,0.08744397337924764,1
COM_OUE_0059,-0.06817466093559177,0.21097998981090005,1.5637618110750426,-0.14356377562554867,-0.27683001768410187,0.18324590073937766,1.1882888634905442,-0.07946148665290104,1.530943287635541,-0.9207313404234507,0.8360121053813682,0.5728718273348017,0.08036483475330053,1
COM_OUE_0077,1.0227925822851252,1.6878511619714105,1.721407442346343,-1.3657552727838451,0.7180182640669105,1.7973445934856158,1.2423752415497862,-0.07946148665290104,1.218743979632736,-0.814029049883072,0.20192190172065494,1.4633461703422666,0.07503623985403901,1
COM_OUE_0107,0.9803100384968358,1.5813187520576448,-0.9048713734429565,-1.3336714927107802,1.8161192400026167,1.5225466287889569,1.1694632054573446,-0.07946148665290104,1.5539245399214519,-0.9349862621454788,0.4935563179550012,0.5728718273348017,0.06608677457647771,1
COM_OUE_0154,0.1026250986440284,0.3905495337828417,0.5369728859318609,-0.5633265649148083,0.20959105038444273,0.3503568474374555,1.0610270768557803,-0.07946148665290104,1.5675174257249762,-0.6766673738334835,0.8650717878505819,-1.2080768586801278,0.10374264239634334,1
COM_OUE_0161,0.3165094219994904,0.7040316385121353,0.747413570147249,-0.7835683468746979,0.5069790568789814,0.7075037082506764,1.1553475079903528,-0.07946148665290104,0.9123418028753854,-1.0062640572083734,0.4851699402602103,-1.2080768586801278,0.10227271733333082,1
COM_OUE_0169,-0.2518509591378633,-0.01585916816619437,0.8314311159666861,-0.10947475929791824,0.028199862366891183,-0.04871857220434462,1.2556310173034257,-0.07946148665290104,1.7190818658989795,-0.7840463200231995,0.4479120854668068,1.4633461703422666,0.07298641200601369,1
COM_OUE_0195,-0.24448624795680424,-0.06300846361730877,0.045926585505026415,-0.28994602220890564,0.7015086154594053,-0.17812398038751348,1.010123031307165,-0.07946148665290104,1.2772788526018264,-0.6545214911793875,0.3598153977550323,-0.317602515672663,0.11125039547505877,1
COM_OUE_0206,0.07746735227530632,0.6856643882349807,-1.286323296798333,-1.286548440728467,0.009349121433523653,1.0905919795621555,1.9949559430639814,-0.07946148665290104,1.2900985055596719,2.00700853760564,-2.2533079832785483,0.5728718273348017,-0.011184811409452822,-1
COM_OUE_0223,0.75168291455731,1.3481993411243274,-0.9100119918539792,-1.7016323454237365,1.3857942231676494,1.5569340799145537,1.2815004582903748,-0.07946148665290104,1.4676471340172694,-0.572721058584155,0.5396042750571342,-1.2080768586801278,0.06965939008389888,1
COM_OUE_0298,0.2555916883701489,0.7070175666078189,-0.4309063559467759,-0.9586923131068413,1.2201787490157001,0.5464256477149839,1.3541719667087275,-0.07946148665290104,1.830017809972708,-0.991759852331166,0.8685319112299872,-2.0985512016875925,0.056093805157566956,1
COM_SUD_0028,0.5367952245559272,0.9280846159068273,0.276063955000544,-0.7407899734439453,1.027618118872944,0.9723474107793998,1.0321266480275832,-0.07946148665290104,1.2307565111831218,-1.1712460935889268,0.5726141062762401,0.5728718273348017,0.11353427529814114,1
COM_SUD_0050,-0.09311166664221178,0.13270929328335618,0.13925135623704304,-0.46039110384706,0.2997267491798279,0.16816368533341372,1.0306313733346983,-0.07946148665290104,1.1959232616473512,-0.6689940972466584,0.6592959860520339,-1.2080768586801278,0.10747029034186029,1
COM_SUD_0061,1.1074232143130625,1.7647510398360884,2.9038939749419423,-2.1678497746104544,0.12519228841624516,1.7901051300907527,1.1923109599870265,-0.07946148665290104,1.6799220994311292,-0.8404944077506641,-0.13650762043359,1.4633461703422666,0.013837546057472672,1
COM_SUD_0072,0.4307861938589029,0.7773729781220573,2.404604647799887,-0.712716665880014,-0.5421914916760916,0.7388747162950812,0.9968363033224517,-0.07946148665290104,1.231769202368897,-0.8940812588105823,0.3978484849831914,0.5728718273348017,0.07506305836130778,1
COM_SUD_0131,-0.15901278794629325,0.08201296670012208,-0.34400284891413196,-0.2892776101240497,1.1104269938672844,0.15458969146804627,1.1536477015609639,-0.07946148665290104,1.0223751221130442,-1.038278484177183,-0.43851542407308614,0.5728718273348017,0.09600619843667435,1
COM_SUD_0226,0.3308776323690772,0.6909989145948799,1.9120792922512944,-0.6706067045341172,0.160331409964905,0.7696424357232473,1.0835462358344885,-0.07946148665290104,1.3939309168714704,-0.7418030807698303,0.6992288505630637,-1.2080768586801278,0.09691348390764143,1
COM_SUD_0237,0.7885399160174696,1.3450959287814923,3.1393162609091547,-1.0643014225140115,-0.5076839823767746,1.535517334038085,1.1947417407392884,-0.07946148665290104,1.2016889870928116,-0.7461983083732491,0.8876226467053134,-2.0985512016875925,0.02641823063044746,1
COM_SUD_0239,0.682149605994995,1.1201791321842889,1.5731592222755324,-0.9399767747308863,0.4496099040320333,1.289073934304638,1.0472678464996474,-0.07946148665290104,1.0151908594733483,-0.8226711853778043,0.2528904208076818,-0.317602515672663,0.10661233796436198,1
COM_SUD_0260,0.9986515807842691,1.5507906193386478,1.851907000955962,-0.9750684091858002,0.4666267291792109,1.8296205344543777,1.0900653717272906,-0.07946148665290104,1.8994596801948385,-0.3914030354658819,0.5481393840280698,0.5728718273348017,0.07014715806785699,1
COM_SUD_0273,0.894649283379086,1.3437784563206354,-0.5497899206732473,-1.1705789440060366,0.9912098936151496,1.369612964572484,0.9768284699066695,-0.07946148665290104,2.0425092752716854,-0.9747685453374169,1.5218586268021146,-2.9890255446950573,0.011016833832814932,1
IND_CEN_0159,1.3224313083119554,1.1484907515102976,0.07476816037948912,-1.1247927161934346,0.6767999677480157,1.090591979562155,0.07573674701202442,-0.07946148665290104,1.2614119979280116,-1.1040908737254256,1.1905244635762864,-0.317602515672663,0.10732974447805099,1
IND_CEN_0177,0.8866691739885285,0.694543680581219,0.8727544730882529,-0.7641843964138886,0.3827596298754369,0.46347346298218367,-0.011866469027931648,-0.07946148665290104,1.1581469541172855,-1.4729170806113339,0.9802730557070046,0.5728718273348017,0.09327866167143001,1
IND_CEN_0198,1.6072603426449945,1.2093288348914095,0.42496151634433066,-1.463677643215177,0.5364878156824038,0.9379599596538024,-0.142649504885713,-0.07946148665290104,0.9927172405409844,-1.3283753155025215,0.6903917545017803,-2.0985512016875925,0.07773931360822794,1
IND_CEN_0202,3.0859485251824483,2.4827221912255784,0.6185554019776303,-2.0318279153423577,0.5277725984889269,2.1683670924723235,-0.11270015921333507,-0.07946148665290104,0.9073983702857598,-1.152398870502246,0.5438138450906257,1.4633461703422666,0.02564739274711214,1
IND_CEN_0217,1.8160943872159883,1.4637546731553328,0.5769073742195734,-1.54355288735541,0.3781599866603784,1.3002347737050512,-0.06086119936625155,-0.07946148665290104,0.9181444031578577,-1.4059099790079241,0.8172175532603225,-1.2080768586801278,0.09982815555666263,1
IND_CEN_0278,3.535570497441528,3.113164289203553,0.29220730053686644,-3.5842149824192764,0.6236802156032155,2.941481454182025,0.042878966040959185,-0.07946148665290104,0.7918725500837163,-1.3225495795666777,0.4357084762637897,-0.317602515672663,-0.05754351932736812,-1
IND_EST_0114,2.9256640480520772,2.4797741709691157,3.1579487479918926,-2.9475524715944044,-0.006411365310290099,2.2796738421683354,-0.017876407668120348,-0.07946148665290104,1.0996097544931118,-1.1269611301876032,0.6693015704254991,0.5728718273348017,0.015544471896350998,1
IND_EST_0167,2.2300433306570957,1.8396567451703385,2.173854011546559,-1.6698827713931008,0.3362174737955297,1.9487700361614917,-0.043999642547442916,-0.07946148665290104,1.0469929062380015,-1.403801718845716,0.9168099154344526,-0.317602515672663,0.0591769562661289,1
IND_EST_0174,2.5362775201031122,2.1812124688720345,0.3771447464930377,-2.4786613940682654,0.4890230807020037,1.9611374527943821,0.01658634716063523,-0.07946148665290104,1.238836954126642,-1.2834401244652058,0.5282915547454178,0.5728718273348017,0.05018875721448163,1
IND_EST_0179,1.7701736403876778,1.4563251704777938,0.39081698774059304,-1.6087230656288218,0.45538665356412394,1.2344763145350492,-0.027733602953383996,-0.07946148665290104,1.1186466183845314,-1.112811956766706,0.6771950581188186,-0.317602515672663,0.11629984143364253,1
IND_EST_0190,2.2396622722359907,1.7602637912473282,1.1274766246687555,-2.033833151596924,0.40916081355241335,1.6489355938909322,-0.12082017078471849,-0.07946148665290104,1.042360430955691,-1.20993132299377,0.4781648784203094,-2.0985512016875925,0.043635103588771096,1
IND_EST_0192,2.811741799074224,2.384600962878063,1.2884050368200806,-2.385752114273349,0.2855376378484235,2.5016840529441216,-0.01433420526546326,-0.07946148665290104,1.1784082647270226,-0.9835792796383407,0.9179367636401519,1.4633461703422666,0.028232415661153087,1
IND_EST_0194,1.0429067389803515,1.6832472973508028,2.0156131507750277,0.8226258930330873,-0.6771501063244822,1.8778836237534613,1.1975694571700506,-0.07946148665290104,0.16280674681525248,2.4836381513645134,-2.4082971161033795,1.4633461703422666,-0.06606008012138487,-1
IND_EST_0246,1.8962500040031185,1.5041706434201032,0.45217973803636907,-1.5161479918763348,0.5916479156073048,1.2742933632067937,-0.08905398925852412,-0.07946148665290104,1.0098179203963273,-1.3788590015317859,0.7367566863961115,1.4633461703422666,0.08218618113256981,1
IND_EST_0262,2.977625062088832,2.5836474940226624,0.9575836954988447,-2.360686661091268,0.4465143563271251,2.382232906928889,0.02338594201883385,-0.07946148665290104,1.2717609435955688,-1.2148123086985048,1.3688823550326634,-1.2080768586801278,0.01134345994787922,1
IND_EST_0271,2.036447080882154,1.734783214089198,2.2790833722830484,-1.3523870310867339,-0.040258267964153056,1.7680850955980463,0.015140119693979458,-0.07946148665290104,1.1438688314472811,-1.2815182940213523,1.2122854687186149,-1.2080768586801278,0.05643010946488869,1
IND_EST_0274,3.019251399672602,2.5588384173031726,1.5434157845219127,-2.375391726958089,0.4896261104431218,2.308330051439667,-0.020015556588820944,-0.07946148665290104,1.100466176576486,-1.065639332894081,0.6804980347520666,0.5728718273348017,0.04243493870712345,1
IND_NOR_0019,2.480249526594892,2.032555949653855,1.199391170650301,-2.311224166811961,0.38445682999747544,1.774419626068551,-0.0637111687568828,-0.07946148665290104,1.0462941147399314,-1.3519712855371269,0.5537177942345364,1.4633461703422666,0.048003294169399024,1
IND_NOR_0035,1.3453883371706241,1.0519930182907438,1.8681405327802325,-1.119779625557018,-0.06863742870830523,1.0459486219605028,-0.06841142097843052,-0.07946148665290104,0.8750562363471985,-1.4618911727676482,0.8499643128238528,0.5728718273348017,0.08015572441030677,1
IND_NOR_0081,3.342161542773824,2.925716439864109,3.5603058528854064,-2.8863927658301254,0.09105215209438397,2.7436027880557807,0.034186797208502005,-0.07946148665290104,1.0376359626865597,-1.1209906415549324,0.3974669027802043,2.353820513349731,-0.05445117260480381,-1
IND_NOR_0091,3.5241053612341386,3.024444921488166,3.377732731635015,-3.3723283515200784,0.03630832314166577,2.940576521257667,-0.005741615581698259,-0.07946148665290104,0.9324442991913092,-1.176761423715358,0.6990355496548877,-0.317602515672663,-0.04806792208499355,-1
IND_NOR_0093,3.128364177861009,2.6170328379553807,-2.26356387536232,-2.94654985346712,1.0958156161067716,2.6678900667178422,-0.045540387646928804,-0.07946148665290104,1.049877775408499,-1.3140123673465294,0.826451951635649,-1.2080768586801278,-0.05475885194017438,-1
IND_NOR_0112,0.9760089401413216,0.8351818543409779,0.22362964720811682,-1.1933049548911245,0.4892476409940305,0.71866454765109,0.07947056550458372,-0.07946148665290104,1.0139978538371344,-1.4091885565830884,0.6294683876077659,-0.317602515672663,0.10585708104227493,1
IND_NOR_0143,3.523309357028375,2.9074445237044335,1.532431094654176,-2.4569380013104616,0.6457724297013807,2.722186042179311,-0.07787449680574929,-0.07946148665290104,1.1011655160537313,-1.4703901083095554,0.9950995312180917,-0.317602515672663,-0.0073888296851175594,-1
IND_NOR_0150,1.839666814284156,1.5462528225214918,3.5197220233247153,-0.8530832036996714,0.021899754071266108,1.5502979051359296,0.0015953463968791355,-0.07946148665290104,1.2270518939783686,-1.2291451543867131,1.3778192948452828,-1.2080768586801278,0.03784905591370269,1
IND_NOR_0186,0.6757213703501289,0.4852475095087032,0.8149270252786577,-0.6585752870067179,0.04085441969427561,0.3919837619579157,-0.05355342026163403,-0.07946148665290104,0.9513076940661488,-1.119005854007244,0.7095832473468004,0.5728718273348017,0.0886766186357193,1
IND_NOR_0252,1.982051230451298,1.7093272710077798,1.329493909593109,-1.5084612529004962,0.3451081692946393,1.584987000569646,0.03702528092892294,-0.07946148665290104,0.644722537939557,-1.3940026010771676,0.3511865778585459,-0.317602515672663,0.0679573242146107,1
IND_NOR_0256,3.507094952030294,3.028162398784011,0.8857954103204315,-2.871353493920876,0.3059354431087659,3.1170384415074417,0.005911487370809163,-0.07946148665290104,1.117479335719845,-1.3972051680039337,1.1089674624465984,-0.317602515672663,-0.018502203985457877,-1
IND_NOR_0281,1.736299982421389,1.310398851364368,1.1979481900437137,-1.655177705526279,0.1870834310155856,1.2969166863157389,-0.1491843841944473,-0.07946148665290104,1.043515960342243,-1.2302620278314487,0.7162546645561818,-1.2080768586801278,0.0995947805389007,1
IND_OUE_0090,0.8564544597243655,0.5958976910276882,0.4618477081006101,-0.766523838710882,0.2750972909390595,0.474935946690716,-0.12525695055633745,-0.07946148665290104,0.9720060457087709,-1.3544361831982843,0.8768115167718763,0.5728718273348017,0.09669751185537401,1
IND_OUE_0128,1.8765104375223693,1.56465907534803,1.4849029209241982,-1.3854734292870818,0.3312006815815172,1.3563406150152364,-0.01246090076308069,-0.07946148665290104,1.023060951613898,-1.2697046166803785,0.9808242922671256,-1.2080768586801278,0.1002504497583212,1
IND_OUE_0175,1.3802386053389426,1.0920683180933926,0.4065094018373986,-1.5662788982404976,0.3504041138878359,1.153032351342845,-0.056155054094975065,-0.07946148665290104,1.1618090719658933,-1.1122651491565096,0.9553645921088857,-1.2080768586801278,0.10790769194973426,1
IND_OUE_0266,1.5533394190932077,1.2445464368302384,-0.19294081666045576,-1.2735144050737852,0.6521387684656433,1.0679686564532094,-0.05276765607478869,-0.07946148665290104,0.8561981340628776,-1.0927819317071263,0.482414938782456,0.5728718273348017,0.09898470191010023,1
IND_OUE_0294,3.2382395147003145,2.770484367480751,1.8957916486542261,-2.8790402328967137,0.2909120688089948,2.7288222169579353,-0.006973157148053689,-0.07946148665290104,1.062874163722743,-1.402118981317114,0.7449932548643784,0.5728718273348017,0.018269035391673127,1
IND_SUD_0054,2.726442255949005,2.2621942421420127,1.5549235548595581,-2.240706691859704,0.43553612351692056,1.943642082923464,-0.05026929220097564,-0.07946148665290104,1.0004802101145784,-1.1367812435980722,0.7885003005838981,-0.317602515672663,0.06004194058956225,1
IND_SUD_0084,1.917407662010103,1.4746529306512888,1.2831020830908357,-1.3587369458928613,0.19831958909422373,1.40460370431432,-0.13546488159677725,-0.07946148665290104,1.0844098154474662,-0.9686230402278222,1.040363984935812,-0.317602515672663,0.09955887565254223,1
IND_SUD_0116,1.7037775248716076,2.8446275281083007,0.8808532017428238,-1.3119480999529771,0.28240206285336356,3.4835362758723605,1.5013195045097665,-0.07946148665290104,0.9659841001154249,1.0871653023731187,1.1436308888803284,-0.317602515672663,-0.051862554423364626,-1
IND_SUD_0156,1.642746076355729,1.215977441011872,-0.18659170199140895,-1.2013258999093905,0.5509271919161025,1.123471209147156,-0.16740937570148695,-0.07946148665290104,0.9326172190963138,-1.3113873042230575,1.0865878470291999,-2.0985512016875925,0.06714101208362133,1
IND_SUD_0168,0.9591055567130423,0.8249846088043639,0.2712299699684088,-1.1361557216359786,0.649246195861504,0.6860869623742082,0.08725065096135852,-0.07946148665290104,0.9455253174077984,-1.1437410854601227,0.5927771705687137,-1.6533140301838603,0.08587600826361658,1
IND_SUD_0211,1.7892643631040648,1.4629376450187717,1.25768758715704,-1.2247203228793324,0.5082956771858798,1.2649423896550958,-0.038038289943310946,-0.07946148665290104,1.0971401373774152,-1.5278550018568686,0.7782138548103169,1.4633461703422666,0.08487599248445066,1
IND_SUD_0290,1.304832257342504,1.0186247909088448,0.6184652156897132,-1.2009916938669625,0.4982927392814671,0.8477683115261395,-0.0665770408823924,-0.07946148665290104,0.9614925048876918,-1.1430994980572933,0.3664368386155612,-0.317602515672663,0.10960338246556234,1
RES_CEN_0026,-0.5033949772702213,-0.2856716741937659,-0.5408975526850459,0.8874618652640712,-0.12761212418205622,-0.21673445182678056,1.7516941103993449,-0.07946148665290104,-0.6202706480396256,1.445046904069954,-1.6241381068019975,-0.317602515672663,0.09485641973182563,1
RES_CEN_0037,-0.737594130650094,-0.7698331892110543,-0.3649621422250333,0.5188326004662589,-0.30988463692363344,-0.8130852489785864,-0.6994259607594125,-0.07946148665290104,-0.361335106712194,0.029513390869556302,-0.4362776958043899,-0.317602515672663,0.17137806464096905,1
RES_CEN_0047,-0.4666918253624364,-0.5625208229618427,-0.5213632027231634,0.7360665280442988,-0.03900042220142814,-0.602839166219452,-0.45284221345677206,-0.07946148665290104,-0.9310828085069067,1.0079445552347286,0.45849235491972756,-0.317602515672663,0.17185171661471782,1
RES_CEN_0049,-0.6310700384081636,-0.7156977965775673,-0.3779670049420391,0.6063945835823303,-0.08332125164553428,-0.7648221596795024,-0.8398189164715987,-0.07946148665290104,-0.8462642365771685,0.40591033176298164,-0.19896779493637348,0.5728718273348017,0.18246300828625073,1
RES_CEN_0064,-0.4497014834915101,-0.5238497242376071,-0.948377238732012,0.6167549708975907,-0.0402643016474514,-0.43421999798077754,-0.28446397210618163,-0.07946148665290104,-0.5271185038723377,0.03574442583117044,-0.6327451339660499,0.5728718273348017,0.16999138351598636,1
RES_CEN_0067,-0.38498433482961497,-0.5732306918278861,-0.16373849663431464,0.5753134216365493,-1.1459740914078864,-0.5877569508134881,-0.8364029770079009,-0.07946148665290104,-0.6896868710208115,1.0149367109351288,-1.0401493664718884,0.5728718273348017,0.16326163761363932,1
RES_CEN_0070,-0.634595199890832,-0.706110991109163,-0.4934595652429848,0.6682227014314648,-0.19557282767865508,-0.729228131321428,-0.7099814321523363,-0.07946148665290104,-0.6768017059463839,0.5074676372663331,-1.6654964393380234,0.5728718273348017,0.16923502466323792,1
RES_CEN_0092,-0.3673183927504352,-0.46959625345042705,-0.8318565547488603,0.4192391998227883,-0.2487825262498294,-0.35036288032361906,-0.33778020185473706,-0.07946148665290104,-0.7222643929097703,-0.9219972536637373,1.0319097424715553,-0.317602515672663,0.1452758046943845,1
RES_CEN_0100,-0.7758826018584338,-0.787381265451903,-0.125860255710995,0.5883474572912317,-1.0127527928434528,-0.8616499825857895,-0.5274442130178982,-0.07946148665290104,-0.6694302028937743,1.3096192048235058,-0.3528701243072631,-0.317602515672663,0.15266783197989953,1
RES_CEN_0104,-0.6356721467574538,-0.7049079265224758,0.04626929339910109,0.655857077861638,-1.1481146360531604,-0.7548678975115662,-0.6889353703897352,-0.07946148665290104,-0.5465204790399194,1.7253653802278677,-1.4688147714532689,-0.317602515672663,0.14292911697356442,1
RES_CEN_0120,-0.3914727724732364,-0.5178409550919192,-0.8758133514774873,0.7033143358863789,0.724768460960658,-0.502994900231972,-0.5051507696853264,-0.07946148665290104,-0.2584764979285068,-0.11736744686392844,-1.3192909954778256,-0.317602515672663,0.15622070004302357,1
RES_CEN_0121,-0.5014283786442164,-0.6422956696865947,-0.5471023692934369,0.5983736385640643,-0.3223968415861281,-0.6465775908967468,-0.8494106928596172,-0.07946148665290104,-0.5116114982219039,1.683912426290788,0.2508139981006795,0.5728718273348017,0.1625857557237591,1
RES_CEN_0122,-0.6327088705965008,-0.7030636641969411,-0.4595855955029937,0.46034654304140205,-0.5224294736030659,-0.6939357472714729,-0.6892412549920329,-0.07946148665290104,-1.0292663676661342,1.6719485019307057,1.2811277561133447,-1.2080768586801278,0.12762643873368934,1
RES_CEN_0138,-0.6649303181525059,-0.7324562510083034,-0.1852208704151088,0.6899460941892689,-0.9327849436066925,-0.7711566901500071,-0.8046129302411499,-0.07946148665290104,-0.9619979051136862,0.611071278846841,0.13795366500219708,-0.317602515672663,0.17151315228275077,1
RES_CEN_0171,-0.7030850071413896,-0.7353340184633389,0.08743031520243676,0.7327244676200213,-1.6232713951598405,-0.7651238039876217,-0.5001665038232479,-0.07946148665290104,-0.6483400214249257,0.43075463822990767,-1.0703036988553576,-1.2080768586801278,0.14970248622890375,1
RES_CEN_0178,-0.397272231686659,-0.5825532561517853,-0.3188408745865019,0.5418928173937738,-0.4135017173895557,-0.5717698024831666,-0.8490113961982989,-0.07946148665290104,-0.43292271174593017,0.4857315357360034,-0.2976637470314347,0.12763465583106934,0.17650758779682924,1
RES_CEN_0196,-0.6030694198759988,-0.6648909755167992,0.19532919006113889,0.8005682942328555,-1.1397404214734954,-0.6710107798544079,-0.49669733596677446,-0.07946148665290104,-0.9524904414827422,-0.7078143960479848,0.007201700849968466,-0.317602515672663,0.15721803432668618,1
RES_CEN_0200,-0.6686494638533859,-0.7131169926930508,-0.07035961412954794,0.5836685726972431,-1.684615730232117,-0.7464218568842267,-0.5250442282015543,-0.07946148665290104,-0.7690431796382445,0.6160337380582215,0.7999060717310192,-0.317602515672663,0.16770287587128407,1
RES_CEN_0203,-0.49344826925365914,-0.5520192105237528,-0.23886367446555776,0.7898737008751673,-0.5431660453228504,-0.5346675525844959,-0.2423554219224016,-0.07946148665290104,-0.880872071250221,-0.5027795060265351,-0.37077058261687046,1.4633461703422666,0.16428984380040212,1
RES_CEN_0215,-0.7881838769374234,-0.7984623011971037,-0.12100823342129499,0.5535900288787453,-1.9127092717288863,-0.8761289093755147,-0.6051592506770557,-0.07946148665290104,-0.8876243792104511,1.1915513838552634,1.3035188265485886,-1.2080768586801278,0.11950745279287583,1
RES_CEN_0222,-0.7445976298386217,-0.7788922633549288,-0.3946695054634617,0.47438319682336766,0.23795742367551953,-0.8378200822443669,-0.7941824892568916,-0.07946148665290104,-0.18728579458160574,-0.017361279661907984,-0.6569411062619956,-0.317602515672663,0.1589889386353751,1
RES_CEN_0243,-0.7083961612537972,-0.7482050399278937,-0.02068500674725552,0.5873448391639484,-1.1033073000471765,-0.8194197794490911,-0.6466464327544873,-0.07946148665290104,-0.6958347605147143,0.7089121772941306,-0.01099986212982507,0.12763465583106934,0.1688060167686326,1
RES_CEN_0247,-0.6580472229614888,-0.7254937252065893,-0.13744017507898273,0.6578623141162045,-0.6694321326005248,-0.7618057165983096,-0.7686885758866189,-0.07946148665290104,-0.45742659349616077,-0.35578009171378694,-1.6663209312989125,1.4633461703422666,0.15465336013761527,1
RES_CEN_0263,-0.4296542179060114,-0.5114427783617032,-0.8990453392437887,0.609736644006608,0.4045715684838815,-0.4112950305637125,-0.30407088577604396,-0.07946148665290104,-0.3845766625425252,0.1438240072170447,0.23422148891797848,-0.7628396871763954,0.16469214010274902,1
RES_CEN_0267,-0.7677085082496653,-0.783485462276918,-0.34930580264339445,0.5656214464061444,-0.8209369410237456,-0.8547121634990462,-0.5704304586967196,-0.07946148665290104,-0.5818378557856637,-0.6713776901732715,-1.1925331343749155,1.0181089988385341,0.1481495041183174,1
RES_CEN_0277,-0.7690931542210361,-0.7853107900836759,-0.1298104151215696,0.552587410751462,-1.3293012353281088,-0.8580302508883582,-0.5925684027133257,-0.07946148665290104,-0.9220205579134515,-0.26890773898221115,1.8829939439467471,-2.0985512016875925,0.10882411985267226,1
RES_CEN_0287,-0.5712091843125254,-0.6630194469114901,-0.3402871738521284,0.699303863377246,0.24976665875116916,-0.6900143712659222,-0.6785679429082936,-0.07946148665290104,-0.7356271003395195,-0.51325631950637,-0.434120951664303,0.5728718273348017,0.17159943786105752,1
RES_CEN_0289,-0.7502031048338328,-0.784761042584052,-0.4240702353229873,0.5428954355210571,0.7170565156757842,-0.8541088748828076,-0.8481409718274275,-0.07946148665290104,-0.6123305161649657,-0.2915614112117278,-0.9438322950871889,0.5728718273348017,0.15461943084127483,1
RES_CEN_0291,-0.5672559197275973,-0.6738584894532558,0.09230037474971879,0.6180917950673017,-1.757058637040379,-0.6438627921236731,-0.7955308337198284,-0.07946148665290104,-0.585419768412602,-0.6862267246050164,-0.3118476957950771,-0.317602515672663,0.16223447949655723,1
RES_EST_0006,-0.4268916150742425,-0.601453568577731,-0.23229811270551726,0.5258509273572417,-0.8404696972120611,-0.6121901397711494,-0.8606495597843228,-0.07946148665290104,-0.5643588630133259,1.4454847975604697,-1.1265569010829422,0.5728718273348017,0.15829289826045778,1
RES_EST_0007,-0.7486646093100875,-0.7428380681248199,-0.20881360333305754,0.6267811521704234,-1.1172356204255287,-0.7814125966260624,0.012068173632273025,-0.07946148665290104,-0.6983313702592616,-0.4644988545183485,-0.2861389666949616,-1.2080768586801278,0.15006719744630898,1
RES_EST_0024,-0.7935084092717769,-0.7426143866123566,-0.08543876146854239,0.5789896881032546,-2.126671842898028,-0.8148951148273019,1.2926026496920444,-0.07946148665290104,-0.12363245776796122,1.480834567823403,-2.3726259536732694,0.5728718273348017,0.07951807963999136,1
RES_EST_0031,-0.35927808136112266,-0.4923157805595557,-0.34622143159678603,0.78051593168719,-0.6240816616110273,-0.4140098293367861,-0.4892754393656764,-0.07946148665290104,-0.9651101342980342,0.25920910001772096,0.9005760763519385,0.5728718273348017,0.15467610659466347,1
RES_EST_0036,-0.6586893776148782,-0.7286678457945434,-0.22001474029181006,0.5372139327997854,-1.0726447518908562,-0.7967964563401455,-0.8032427618366366,-0.07946148665290104,-0.7374225468990225,0.08891729928774193,1.614266124590296,-0.317602515672663,0.1533176850702514,1
RES_EST_0043,-0.6901616447419289,-0.7172777922576125,-0.47183289340153156,0.5395533750967797,0.10587959304236287,-0.7621073609064288,-0.3699989360275718,-0.07946148665290104,-0.9216542099886501,0.20809800341895787,0.2779371429156917,0.5728718273348017,0.17893368030815626,1
RES_EST_0058,-0.4776419000249194,-0.5436478221895062,-0.9441384832001168,0.7628030114385191,0.4063327649788755,-0.46860744910637486,-0.27092198539461154,-0.07946148665290104,-1.2067831792826533,-0.0950958610628172,0.02350536207027316,0.5728718273348017,0.15453090591965407,1
RES_EST_0066,-0.6436857017028749,-0.4937582771400647,-0.8479818630276394,0.6972986271226795,1.3673115391190833,-0.49394557098839387,1.8205482397930572,-0.07946148665290104,-2.311558913690664,2.0091502332497164,0.23315785916462248,-0.317602515672663,0.0658419045291867,1
RES_EST_0069,-0.41870414324352867,-0.5316661491126324,-0.010944887652691675,0.8303126320089255,0.01562966741093421,-0.5105360079349539,-0.47424527053310095,-0.07946148665290104,-0.23876011322299906,-0.37545756201019587,-0.9560286668811997,-1.2080768586801278,0.15133460057148151,1
RES_EST_0095,-0.6044540658473696,-0.6575692649227481,-0.36983220177231624,0.7915447310873059,-0.1217206055956536,-0.6960472574283079,-0.4141928235853765,-0.07946148665290104,-1.0602535864975138,0.3538027823538052,-1.3957617322158866,-0.317602515672663,0.16246939894192847,1
RES_EST_0105,-0.7045499224444339,-0.7304437948870353,-0.2070639893475531,0.6615385805829098,-0.9867691015206635,-0.7919701474102371,-0.40752288239800577,-0.07946148665290104,-0.8673878166369344,-0.11565981013856688,-0.6331800960414217,1.4633461703422666,0.16154821887209947,1
RES_EST_0111,-0.499822992010743,-0.6277847039373736,-0.15695648778328267,0.6541860476494993,-0.9325291307530791,-0.6387348388856458,-0.7515237657051729,-0.07946148665290104,-0.9442712817021313,0.7330134285079404,-0.16013240305085405,0.12763465583106934,0.17527051179236824,1
RES_EST_0126,-0.7658690027321438,-0.7963366020644462,-0.4631028607315853,0.5405559932240629,0.4834962405162288,-0.86557135859134,-0.9107631245408158,-0.07946148665290104,-0.41190758622481755,-0.03939582425739597,-0.36305250495731783,-0.317602515672663,0.15360708708260162,1
RES_EST_0133,-0.7955753445623738,-0.6789034473656693,-0.5437474393830827,0.5345402844603634,3.3395693927075136,-0.7428021251867953,3.4713534225423883,-0.07946148665290104,-2.5245418396279318,1.3402742017591307,-0.11538005017490119,0.5728718273348017,0.00038888577290097093,1
RES_EST_0137,-0.4060349670610344,-0.5100164829844462,0.2156030675839039,0.9075142278097368,-1.364437478079416,-0.40043583547141864,-0.4012026417017475,-0.07946148665290104,-0.9567579496458719,0.3859967282094144,-0.4698164244718028,1.4633461703422666,0.12495158648944049,1
RES_EST_0142,-0.5242114906175925,-0.6485466992866632,-0.35071270873483373,0.6879408579347023,-0.5985248042787952,-0.6616598063027105,-0.7970559815306375,-0.07946148665290104,-0.5280736435893094,0.09508311923338522,-0.7850097176008229,0.5728718273348017,0.18068929834622627,1
RES_EST_0149,-0.572219240069419,-0.6464397905237323,-0.13064012897036845,0.7357323220018711,-0.9589811305901718,-0.6115868511549108,-0.5252584255183392,-0.07946148665290104,-0.5908827954308495,-0.6073009707480902,-0.6330244353836114,-0.317602515672663,0.17423583847188484,1
RES_EST_0157,-0.633531631246156,-0.7131575270864127,-0.7149390510988897,0.5766502458062603,1.07864165041401,-0.755772830435924,-0.7957676021843523,-0.07946148665290104,-0.38361194036752205,1.562070592394537,-1.982357329907182,2.353820513349731,0.1023830173713145,1
RES_EST_0183,-0.6044206202925057,-0.7067988128243086,-0.5469400339751933,0.5311982240360857,0.08390555100855959,-0.7789994421611083,-0.9040961147627042,-0.07946148665290104,-0.35203947343039155,0.14973322911978693,-0.7516084672737724,0.5728718273348017,0.17188002393221286,1
RES_EST_0199,-0.6499333313514755,-0.7173012535219127,0.10388029411770572,0.7089958386076508,-1.010481397716356,-0.7811109523179433,-0.7292932394912468,-0.07946148665290104,-0.645545390695803,-0.2946194499441823,1.469946701661999,-2.5437883731913247,0.10970867996459271,1
RES_EST_0201,-0.7483569102053385,-0.7839343702432745,-0.42237473311022883,0.5535900288787453,0.0587691364711617,-0.8532039419584498,-0.8529898393314365,-0.07946148665290104,-0.5799628719184318,0.46052009770390634,0.17806692789630632,1.4633461703422666,0.15754877877781476,1
RES_EST_0204,-0.5798113810235535,-0.6415142043392726,-0.3870397455060524,0.6170891769400185,-0.23076846723665478,-0.6052523206844062,-0.43236566955318506,-0.07946148665290104,-0.685250764129032,-0.6289444587093508,-0.40519749255295645,0.5728718273348017,0.17804913086387225,1
RES_EST_0213,-0.6912787262743875,-0.7180739569581214,-0.41315769448555706,0.6160865588127353,0.11060321424474966,-0.7485333670410615,-0.36941753231876356,-0.07946148665290104,-0.6812419865070591,-0.052049088284425615,-0.9803159655206917,0.5728718273348017,0.17604254856388035,1
RES_EST_0218,-0.5508475305113049,-0.4804021860082012,-1.6870570485094198,0.41389190314394425,2.314182271259182,-0.40284898993637297,0.7335441385558742,-0.07946148665290104,-0.9012717214141817,1.4925566791655571,-0.18535789140452225,0.12763465583106934,0.0912731673445103,1
RES_EST_0220,-0.4466980726647203,-0.518363334573439,-1.6186958422716256,0.589350075418515,1.4074036333599615,-0.3886717074547669,-0.2646014879543863,-0.07946148665290104,-1.0955150543949819,0.4919326956424566,1.0112115263719146,-0.317602515672663,0.11810867961270027,1
RES_EST_0221,-0.7879898927192122,-0.8017861179277798,-0.3064853531424639,0.5452348778180514,-0.7965042908451804,-0.893020990630194,-0.708807803879133,-0.07946148665290104,-0.2621849146725233,0.9043134353361861,-1.5673925846905488,0.5728718273348017,0.14128528337534157,1
RES_EST_0233,-0.43129305009434865,-0.5357823969514878,-0.11559705614653724,0.5415586113513462,-1.2267791583918162,-0.42999697766710765,-0.44480988234071017,-0.07946148665290104,-0.22594573665180517,-0.13229970761058435,-0.6613023265097242,0.5728718273348017,0.16631823053257816,1
RES_EST_0245,-0.6822016026842902,-0.7462450211107785,-0.6382446318579665,0.5332034602906524,0.05530000824685001,-0.8016227652700539,-0.8547232068900151,-0.07946148665290104,-0.7491394090977304,1.6455247754761988,0.988222455076892,-0.317602515672663,0.1458922986769821,1
RES_EST_0269,-0.6861548672692183,-0.7326182092814834,-0.41499749475897457,0.5997104627337753,-0.2509815335514189,-0.7889537043290443,-0.629750087715704,-0.07946148665290104,-0.8041118721953773,0.06077159207829124,-1.3978203050456475,-1.2080768586801278,0.16125033396203764,1
RES_EST_0270,-0.5703864236628703,-0.6642988814270678,-0.01209927213797272,0.7561188905899642,-1.1051797886133683,-0.7135426272992257,-0.6945169108370501,-0.07946148665290104,-0.5369188025426941,-0.6798467515195105,-0.9570044126141645,-0.317602515672663,0.16462639059247786,1
RES_EST_0272,-0.6283542593532043,-0.6855613491211358,-0.471652520825706,0.5890158693760872,0.2703376139694932,-0.6972538346607848,-0.5284956739701979,-0.07946148665290104,-0.7892485811013611,-0.0960777896539266,1.276544246905887,-1.2080768586801278,0.16698819687340188,1
RES_EST_0284,-0.33873582156363635,-0.4613788824745529,-0.3938578288722497,0.6989696573348182,0.2780288442349531,-0.3624286526483901,-0.4060850951383643,-0.07946148665290104,-0.7786046557223057,0.17960007817196044,0.7919872728894862,0.12763465583106934,0.16453060425371868,1
RES_EST_0286,-0.41556695019728257,-0.5719878632681743,-0.6599434527297527,0.6565254899464934,-0.23999018609198905,-0.49696201406958657,-0.7249762791958985,-0.07946148665290104,-0.7830357308773586,-0.8029826843098041,1.3699064548095206,-1.2080768586801278,0.14029102177581648,1
RES_EST_0292,-0.5664130917450236,-0.6923947742274557,-0.6937633106969987,0.5428954355210571,0.21819625684631652,-0.7376741719487676,-0.9618429197194205,-0.07946148665290104,-0.653405048523841,1.3345183131393252,0.11517267681768399,0.5728718273348017,0.17154529840569627,1
RES_NOR_0001,-0.5447738177479973,-0.5971699751051749,-0.11496575213114915,0.7460927093171315,-0.5445432749142889,-0.6034424548356905,-0.277775167538207,-0.07946148665290104,-1.190523673090216,-0.48541824472115824,0.7093740241226966,0.5728718273348017,0.1586985801412108,1
RES_NOR_0003,-0.3820478151125533,-0.505840409081241,-0.9044745537761354,0.4720437545263733,-0.5046382224167414,-0.40194405701201513,-0.4754080411115671,-0.07946148665290104,-0.7408737956319628,-0.8567857596305739,0.5620268527247237,0.5728718273348017,0.14666963765250607,1
RES_NOR_0012,-0.7513068081443458,-0.7708325495177833,-0.11428033634301035,0.6244417098734291,-1.2598046075010647,-0.8396299480930824,-0.5366195824123313,-0.07946148665290104,-0.43888310832264726,-0.6834595221236321,-0.6881621139259999,0.5728718273348017,0.1579484661760182,1
RES_NOR_0016,-0.7214466167617412,-0.7619494168968441,-0.27874405098053273,0.5632820041091502,-0.768124867263735,-0.8269608871520728,-0.7385092630753264,-0.07946148665290104,-0.259321546782631,1.119873641592544,-0.3720474223398454,-0.317602515672663,0.16572647693754178,1
RES_NOR_0017,-0.6138723340970801,-0.6614751322258475,-0.3807627798673305,0.6414862180372446,-0.17644949575918742,-0.7002702777419777,-0.38338047484797405,-0.07946148665290104,-0.9857602837063889,0.23107051718240032,1.4047427063088707,-1.2080768586801278,0.1622324233894631,1
RES_NOR_0020,-0.5739316524784573,-0.6850015970125398,-0.3271380130744645,0.5515847926241788,-0.5625707236379425,-0.7075097411368403,-0.8598682926546067,-0.07946148665290104,-0.5717828284229852,0.16529130823883156,-1.694296399989108,1.9085833418459988,0.14424724460574667,1
RES_NOR_0021,-0.6667363781151634,-0.5767765197556893,-0.7078323716113712,0.6608701684980542,0.056569562869173244,-0.5618155403152305,1.2122767138987376,-0.07946148665290104,-1.9016139363450741,1.5746826677191956,1.0620981340460791,0.5728718273348017,0.09933466399562019,1
RES_NOR_0025,-0.6950647630849955,-0.7458278852923598,-0.6329597153862844,0.49009088081747204,1.066869197929108,-0.7762846433880348,-0.7394656853947705,-0.07946148665290104,-0.5356882000294485,0.4616486959934489,0.6684717124327534,-1.2080768586801278,0.14394915947529502,1
RES_NOR_0034,-0.4219282947324209,-0.1733390606248578,-1.1028843871839769,0.7731633987537796,-1.1298513704843656,-0.14614968372687032,1.6803094577723103,-0.07946148665290104,-0.32773269005151623,1.3015754872443346,-0.39250234589858957,0.5728718273348017,0.10541087415841155,1
RES_NOR_0045,-0.6757265432626144,-0.630653197612393,-0.8627363397301517,0.5141537158722703,1.719415438651867,-0.658945007529637,0.6487708258267072,-0.07946148665290104,-1.4704812768479414,3.5248372034776017,-0.19462888161341185,0.12763465583106934,0.05332504294238849,1
RES_NOR_0063,-0.557108538381851,-0.6736238721761605,-0.8793847284788255,0.6351363032311172,1.0594384331522095,-0.655626920140325,-0.8445623653793167,-0.07946148665290104,-0.5349499266002997,-0.05578499563808581,0.772260002550222,-1.2080768586801278,0.14765806532548675,1
RES_NOR_0071,-0.4148913499890292,-0.5465773771354355,-1.1490236920800914,0.6241075038310013,0.7097754996352232,-0.4704173149550903,-0.5779188668898351,-0.07946148665290104,-0.4404191776891065,-0.8129600703496715,0.6218738669983791,-1.2080768586801278,0.13460975848908363,1
RES_NOR_0074,-0.6781613796567155,-0.7077282460563593,-0.7050907084588267,0.5459032899029069,1.2950196876949716,-0.7596942064414747,-0.3622813934241968,-0.07946148665290104,-0.6085385559102944,0.2907443505052376,1.9297882453290207,-2.9890255446950573,0.07499886595582589,1
RES_NOR_0083,-0.5660987035293018,-0.7084818780672203,-0.7526188821887969,0.5044617406418654,0.5845535026944264,-0.7521530987384929,-1.1037107884651545,-0.07946148665290104,-0.4012307689736237,0.16455163497620104,-0.8721540495616644,1.0181089988385341,0.1542875920678356,1
RES_NOR_0097,-0.6786028609809208,-0.6910592920779628,-0.4840260795273214,0.5164931581692647,-0.20759082147154492,-0.7482317227329423,-0.13056948412175343,-0.07946148665290104,-0.9833257414187812,-0.8034843806110361,0.686296814825721,-0.317602515672663,0.16233306532706943,1
RES_NOR_0098,-0.7651532678580536,-0.7740312747955482,-0.4319525168865544,0.5519189986666064,-0.027680072951411557,-0.8538072305746883,-0.38495140246846077,-0.07946148665290104,-0.7398136404528859,0.6253207291871125,0.19771434932891574,-0.317602515672663,0.17160387630642393,1
RES_NOR_0113,-0.6473045107391628,-0.7111048523867057,-0.4953354400315697,0.6241075038310013,-0.04580718119414987,-0.7771895763123926,-0.675367195074173,-0.07946148665290104,-0.970446113045443,-0.9195371425230495,1.0153271787652345,-0.317602515672663,0.15570940087193613,1
RES_NOR_0134,-0.4332930942752177,-0.5886657186778218,-0.1112500770691475,0.7644740416506581,-1.0130562484538284,-0.5446218147524319,-0.7599893590540955,-0.07946148665290104,-0.6622448261948256,-0.24809833320382976,-0.2833928270217365,-2.0985512016875925,0.14253104656275656,1
RES_NOR_0136,-0.6988976236724133,-0.7304894409257845,-0.35170475790187256,0.6060603775399026,-0.05423103507197266,-0.7970981006482647,-0.4711995848837668,-0.07946148665290104,-0.8096767358457911,0.18442434737723223,-0.7026395840638996,0.5728718273348017,0.1795212331277667,1
RES_NOR_0146,-0.7833810952589491,-0.7850963390140178,-0.47767696485827016,0.5024565043872989,-0.039604391249152784,-0.8529022976503305,-0.3141301358497673,-0.07946148665290104,-0.645044368478739,-0.28556857472869845,0.26244385300201284,-0.317602515672663,0.15925506598022726,1
RES_NOR_0152,-0.588707898617385,-0.7037073962880035,-0.5001333505485239,0.6040551412853361,-0.05754362255851555,-0.7241001780834003,-0.9567416288406153,-0.07946148665290104,-0.5126834754369998,1.3834964266802527,-0.943481172829638,-1.2080768586801278,0.15368864688663186,1
RES_NOR_0172,-0.6537661919388932,-0.6876950280305854,-0.607166437043264,0.5108116554479928,0.13835214822079167,-0.7415955479543183,-0.341609339360536,-0.07946148665290104,-0.4864063204502643,0.28567024977181693,-0.04281977903018903,1.0181089988385341,0.17466901303806998,1
RES_NOR_0173,-0.47198960125289857,-0.6157996759789646,0.40791630792885225,0.9212166755492744,-1.4386957813225314,-0.5949964142083508,-0.7847953856793138,-0.07946148665290104,-0.8194884149049442,-0.06480032899853409,-0.9344971221274672,-0.317602515672663,0.12576709750738835,1
RES_NOR_0176,-0.5610818702996975,-0.6528606289878114,0.01699482434265206,0.8369967528574805,-0.6029471543417931,-0.6492923896698202,-0.6465852368801206,-0.07946148665290104,-0.33696587974240294,-0.3327173269233949,-0.564751257334624,0.5728718273348017,0.16704761792933243,1
RES_NOR_0182,-0.5624798944930139,-0.6739493827008884,-0.22667048833976772,0.5138195098298426,-0.4992104162082435,-0.7280215540889508,-0.8207370345914732,-0.07946148665290104,-0.3722524217757831,0.9265887825070475,-0.8978498504668107,-0.317602515672663,0.17364278167694813,1
RES_NOR_0210,-0.5883533757358264,-0.6900937031593117,-0.5041556589894263,0.6655490530920428,0.41535105320212623,-0.6945390358877114,-0.8305983223109045,-0.07946148665290104,-0.6496029040964024,1.7473428677707816,-0.08338285534261289,-0.317602515672663,0.16059977295757982,1
RES_NOR_0214,-0.7141287293574916,-0.748112153764735,-0.19992123534486986,0.6712305558133146,-0.8598196566981852,-0.800717832345696,-0.5836426639234787,-0.07946148665290104,-0.5045425588091734,-0.09935150021222436,-1.1683060904137237,-0.317602515672663,0.1710428558120583,1
RES_NOR_0216,-0.4652737338362016,-0.5880724592906706,-0.22883495924967068,0.8232943051179428,-0.3807580476750856,-0.6082687637655989,-0.6282225544243332,-0.07946148665290104,-0.8725931613871469,-0.4609406814196221,0.35411308189059504,-0.317602515672663,0.17261408502482967,1
RES_NOR_0229,-0.6653651103657383,-0.7160008814008583,-0.5860267711565369,0.5773186578911158,0.6708016592645051,-0.7817142409341817,-0.590958664142642,-0.07946148665290104,-0.9214661900807642,0.15976943746068373,0.3872993970072846,-0.317602515672663,0.17163307929576882,1
RES_NOR_0235,-0.6929911386834258,-0.7219453917518693,-0.07207315359988897,0.6003788748186307,-1.825771534098588,-0.7548678975115664,-0.4074401702521305,-0.07946148665290104,-0.43673990683515446,0.3215244715332611,-1.121260126108699,0.5728718273348017,0.16665262296109262,1
RES_NOR_0242,-0.4325104682913995,-0.5640625510000404,-0.2965107496993269,0.7233666984320444,-0.09402336069700896,-0.47645020111747594,-0.6124092459453399,-0.07946148665290104,-0.35060268875529405,0.061245947071391915,-0.5814014622840823,0.5728718273348017,0.1765008592459097,1
RES_NOR_0249,-0.6177118837954705,-0.6957385136394777,-0.25370833745597915,0.5418928173937738,-1.1457827262170435,-0.7262116882402353,-0.7116775010888201,-0.07946148665290104,-0.6487428837315624,-0.963019331653959,-0.5257632792016049,-0.317602515672663,0.15872390125991448,1
RES_NOR_0251,-0.6250431494216655,-0.699506350811089,-1.0000539817059637,0.5462374959453347,1.8218395558467617,-0.7286248427051895,-0.7030511648564947,-0.07946148665290104,-0.6873221266190856,0.6155287456734712,0.7679554557615612,1.4633461703422666,0.1334104535583825,1
RES_NOR_0257,-0.5139905290511455,-0.5876868618512096,-0.536785057956227,0.7952209975540113,-0.44336600737686804,-0.5394938615144044,-0.38699147035180065,-0.07946148665290104,-1.161051679506283,-0.0658871077684453,0.4115597257866918,-1.2080768586801278,0.1597092643546893,1
RES_NOR_0258,-0.49811057960170474,-0.6564151771798202,-0.7780153408650026,0.41756816961064946,0.4232117864458118,-0.6872995724928488,-0.9642735393253558,-0.07946148665290104,-0.6370964607585025,0.26801545710119906,-0.5689157749393938,1.9085833418459988,0.13967986454813336,1
RES_NOR_0268,-0.4613806712500288,-0.10761192267121157,-2.015533546344898,1.237709797728357,5.408205430296915,-0.0013604158296185085,2.4969291715538393,-0.07946148665290104,-0.6222989907753569,1.4412525247007195,-0.09353453402072878,0.5728718273348017,-0.030287851028716672,-1
RES_NOR_0285,-0.3726027904189516,-0.62715887677769,-0.9856422128975245,0.35874790614336477,0.8292724003763922,-0.5723730910994052,-1.1657864751713196,-0.07946148665290104,-0.671211840595184,0.1749866515235207,-1.7412170112562797,1.9085833418459988,0.102208480127843,1
RES_NOR_0293,-0.6485286180471863,-0.6953380823863528,-0.2299893437349515,0.5442322596907682,-0.7377828474042164,-0.7174640033047762,-0.479286568228136,-0.07946148665290104,-0.797692131476971,1.0300713216451332,-0.3858278409497627,0.5728718273348017,0.18172463712960157,1
RES_NOR_0297,-0.7206573016669501,-0.7442320495971746,-0.3249555049069763,0.570300331000133,-0.8644320383702662,-0.8170066249841369,-0.44122132717410834,-0.07946148665290104,-0.8380530537260776,-0.45626662757166975,-0.13260624947510746,1.4633461703422666,0.16016691282703632,1
RES_OUE_0000,-0.5688546172500978,-0.6367905517541793,0.504650120343968,0.5402217871816352,-2.2086863978386124,-0.6004260117544977,-0.46078221530799984,-0.07946148665290104,-0.7665411580773153,0.3134421017895137,1.6291355420010434,-0.7628396871763954,0.119889877355775,1
RES_OUE_0004,-0.48722739604895005,-0.587299221029992,-0.2403066550721605,0.7113352809046452,-0.8667848583837513,-0.6103802739224338,-0.5227632385483032,-0.07946148665290104,-1.166829900424755,-0.1793375545219155,0.44808031092225303,-1.2080768586801278,0.15961031362564765,1
RES_OUE_0022,-0.5764400690932595,-0.6589609128437536,-0.11106970449332325,0.8005682942328554,-0.6310156708417564,-0.6607548733783526,-0.6119290658741982,-0.07946148665290104,-0.7185081489398233,-0.4428708640524959,-0.2983743004741232,-0.317602515672663,0.17773961487908713,1
RES_OUE_0029,-0.5122981839750257,-0.6132667907133211,0.13876435028232117,0.7297166132381716,-1.2649659855072064,-0.5811207760348641,-0.5868473421671568,-0.07946148665290104,-0.6262543781512138,0.9625199853866694,-0.6639319562675441,-0.317602515672663,0.168752441078157,1
RES_OUE_0033,-0.4487048059565618,-0.5618201774363489,-0.09566588651784057,0.8176128023966709,-1.2310113358615387,-0.5584974529259186,-0.5303752298729029,-0.07946148665290104,-0.9775228291991657,1.512543173164338,0.33228847762587516,-0.317602515672663,0.15153720978467572,1
RES_OUE_0042,-0.6984093185713983,-0.7286984782639891,-0.5722463063634835,0.5579347074303062,0.7164235777863915,-0.787445482788448,-0.4493656269662603,-0.07946148665290104,-0.9609236687562895,-0.42698215280327523,0.3991407605146222,0.5728718273348017,0.15874430071796364,1
RES_OUE_0048,-0.6699739078260013,-0.7171914633339784,-0.6133171418789063,0.6281179763401344,0.3188116889636692,-0.7491366556573,-0.5663136015650793,-0.07946148665290104,-0.8445072908802719,0.09544467832190104,0.11783471323811376,-0.317602515672663,0.1817543211836093,1
RES_OUE_0060,-0.44546727624572413,-0.5617194041277292,-0.4434242127090463,0.7190220198804834,-0.8233657853936254,-0.5054080546969262,-0.5438068820371929,-0.07946148665290104,-0.9602905245435162,-0.1666944267856239,0.21824017040662988,-0.317602515672663,0.17420241044228252,1
RES_OUE_0065,-0.5873098744240687,-0.6542060588835801,-0.8365101672051511,0.6591991382859155,0.29726484017515764,-0.6670894038488574,-0.5002519573207435,-0.07946148665290104,-0.7306070452578807,1.1625962106155805,0.636115795658609,-0.317602515672663,0.16862839388641926,1
RES_OUE_0068,-0.5885272926211194,-0.6792260631597341,-0.36981416451473226,0.6698937316436038,-0.37854374302934984,-0.7228936008509232,-0.7274714654842317,-0.07946148665290104,-0.4321393293324788,-0.8876280210111702,-0.8485110964059901,-0.317602515672663,0.16621845220225007,1
RES_OUE_0076,-0.5136962081683419,-0.6817113603514596,0.18023200546455723,0.6809225310437195,-1.1713224788026322,-0.6966505460445462,-1.0915314562758602,-0.07946148665290104,-0.35748442459923263,-0.4304329215388527,-0.1386101820865278,0.5728718273348017,0.1519825120867913,1
RES_OUE_0089,-0.6606492871299103,-0.7072652974230419,-0.1565777053740477,0.7023117177590957,-0.5886809664597071,-0.7609007836739518,-0.5210673303427551,-0.07946148665290104,-0.938262616659397,-0.41404381852223054,-0.8672499932689021,1.4633461703422666,0.1617786721765329,1
RES_OUE_0094,-0.4027639917953325,-0.5241463752211593,-0.2487661288783671,0.7106668688197896,-0.9532565217775801,-0.46016140847903514,-0.4960504237182014,-0.07946148665290104,-0.7863358872878751,-0.1688944711475971,-1.119237778065123,-0.317602515672663,0.16703490227290563,1
RES_OUE_0096,-0.5452286772941481,-0.6503607588547711,0.1363653950238433,0.7517742120384033,-0.7835603172846008,-0.5952980585164701,-0.7100804888006764,-0.07946148665290104,-0.03834184588234732,-0.31120220754185535,-1.443262085657003,-0.317602515672663,0.15740612955539157,1
RES_OUE_0099,-0.5936377734043429,-0.6804579442502802,-0.14387947603594617,0.5813291304002488,-1.292195824944779,-0.7343560845594557,-0.7090559656791715,-0.07946148665290104,-0.8934331649969331,-0.015662754889504773,0.24864464797575458,1.4633461703422666,0.16437471800487075,1
RES_OUE_0102,-0.7896086575746312,-0.6513129851081635,-0.612613688833187,0.3704451176283362,-2.7945699999820457,-0.7352610174838135,3.921611901012207,8.859955761798465,-2.632857985289679,1.7229817452492124,1.0822296916581222,1.4633461703422666,-0.09708837924920322,-1
RES_OUE_0106,-0.7897357506831144,-0.7992404849970771,-0.2947430984562371,0.5251825152723862,-0.639203844692944,-0.8758272650673955,-0.5975151381051846,-0.07946148665290104,-0.867067055244693,0.14750758587380777,-0.37744392463121007,0.12763465583106934,0.1576250206485474,1
RES_OUE_0119,-0.7451728933822829,-0.7623358198106113,-0.3264525972863265,0.5408901992664906,0.648351959679103,-0.8236427997627609,-0.44925579726390896,-0.07946148665290104,-0.4591173657831937,0.737799880104149,-0.5301745046623314,0.12763465583106934,0.17016187118493015,1
RES_OUE_0125,-0.7631866692320486,-0.7774928992479869,-0.20713613837788192,0.5733081853819827,-0.7140982396969014,-0.8085605843567971,-0.5010785553360401,-0.07946148665290104,-0.7860286180659443,-0.7091372427222156,0.6769964643629532,0.5728718273348017,0.15765529630161024,1
RES_OUE_0141,-0.41095815273701947,-0.502603645368924,-0.36718072490768205,0.7661450718627967,-0.5457527926934173,-0.4646860731008242,-0.33678003395139816,-0.07946148665290104,-0.5117684471396151,0.4794347530692219,-1.2710510235975039,-0.317602515672663,0.1713975776197728,1
RES_OUE_0145,-0.5033548426043845,-0.6181170795371131,0.2713923052866702,0.6876066518922747,-1.3468674442180628,-0.6568334973728019,-0.6656099832735412,-0.07946148665290104,-0.5064218457393341,0.12880960158281723,0.6620942204699162,-0.317602515672663,0.15777070152566092,1
RES_OUE_0148,-0.6317657059493352,-0.7164311682849541,0.047892646581528114,0.6936223606559742,-0.6154200520438144,-0.7762846433880347,-0.8434906054464346,-0.07946148665290104,-0.6542562911637422,-0.32432790732521044,0.5077274253253038,0.5728718273348017,0.16582760752739367,1
RES_OUE_0160,-0.5419911475833101,-0.6458002691404612,-0.20713613837788342,0.7514400059959755,-0.5934089176044969,-0.6311937311826638,-0.6894935905258194,-0.07946148665290104,-0.7956577438699142,0.7035489446589077,0.2990251771291414,-1.2080768586801278,0.1696760836092322,1
RES_OUE_0164,-0.5853633431309821,-0.6966960863217849,-0.6165097364710178,0.5275219575693806,0.3317466248314634,-0.7355626617919327,-0.9081296440658578,-0.07946148665290104,-0.6523638238350842,0.8549318521953335,-0.24021514240088387,2.353820513349731,0.141516323124805,1
RES_OUE_0230,-0.6608900951249312,-0.7073089464453166,-0.178222414473085,0.6331310669765506,-0.9742802390710753,-0.7099228956017944,-0.5195236964117192,-0.07946148665290104,-0.7305766942018017,0.9163578844858155,-0.6025563539299699,-0.317602515672663,0.17886023432488674,1
RES_OUE_0232,-0.738423580410722,-0.7652889852493737,-0.2501369604546366,0.5783212760183991,-0.4355642762469068,-0.8055441412756045,-0.6010025605579458,-0.07946148665290104,-0.7056109725042702,-0.3573961191985328,-0.5755649045168686,-1.2080768586801278,0.1643130687072643,1
RES_OUE_0240,-0.5162848941148179,-0.5853710080031693,-0.9979436225688072,0.7360665280442988,0.9334947804274154,-0.5473366135255053,-0.3567327166749204,-0.07946148665290104,-1.1846396028331334,0.5768365249910153,1.4549414729517525,-0.317602515672663,0.13998373957989318,1
RES_OUE_0244,-0.40148637159952666,-0.5375720020779332,-0.5888225460818325,0.6642122289223319,-0.41092705698844917,-0.4957554368371094,-0.5779607842709197,-0.07946148665290104,-0.41470024087058127,0.5072813622593936,-2.006754860347532,-0.317602515672663,0.16456211515294233,1
RES_OUE_0253,-0.5058030572204314,-0.6399092185133295,-0.27957376482933133,0.7347297038745878,-0.1949745609413351,-0.6758370887843164,-0.8136073480004137,-0.07946148665290104,-0.5121959919340517,0.642611976161203,-0.6749946181273115,-1.2080768586801278,0.16577575238432213,1
RES_OUE_0259,-0.3897269145093342,-0.5461843900674888,0.02267656048114637,0.6535176355646438,-0.8258709317456016,-0.43844301829444726,-0.6701568194393899,-0.07946148665290104,-0.8892753281962769,1.5497571606675096,-0.6363085049949315,0.5728718273348017,0.150918682415344,1
RES_OUE_0261,-0.430149212117999,-0.5353327560725104,-0.7672290608306538,0.5288587817390914,-0.15530994639738696,-0.5132508067080274,-0.4470924401326675,-0.07946148665290104,-0.8823463097652406,-0.2034465380483141,0.9578722546885954,-1.2080768586801278,0.15912086102765288,1
RES_OUE_0264,-0.5422118882454127,-0.6404574747571976,-0.501377921321718,0.609736644006608,-0.5993497056559871,-0.6311937311826638,-0.6450392133866226,-0.07946148665290104,-0.5418714299911886,-0.04632449993183704,0.44198250054507315,0.5728718273348017,0.1806801735699901,1
RES_OUE_0282,-0.5897647781510883,-0.6539211174818587,-0.20605390292293072,0.5606083557697281,-1.4009376452084839,-0.6269707108689939,-0.481317207818528,-0.07946148665290104,-0.42644342851123984,1.1378965254052886,-1.354843953616918,1.4633461703422666,0.15517784054832906,1
RES_OUE_0283,-0.4814078695026091,-0.6091031791459602,-0.38608377085417805,0.5512505865817511,-1.0563991466806952,-0.6251608450202782,-0.7002075633526691,-0.07946148665290104,-0.7696089208947029,0.4427197251259995,-0.22096076705350778,-0.317602515672663,0.18000129691157374,1
RES_SUD_0005,-0.753775090093311,-0.7858298403121595,-0.3402330620793814,0.49343294124174963,-0.5762240042667001,-0.8399315924012017,-0.8267772230481282,-0.07946148665290104,-0.7956552268451934,-1.1095387462690471,-1.6662222753550184,2.353820513349731,0.0960339863665498,1
RES_SUD_0009,-0.727306277973919,-0.7689744325962036,-0.04967087968238365,0.5997104627337753,-1.3822981958827723,-0.8456628342554681,-0.8002741571923151,-0.07946148665290104,-0.5732743339133003,0.03082272508232421,-0.08019092134520384,0.5728718273348017,0.16469709583272107,1
RES_SUD_0010,-0.70506498398934,-0.7361528032619008,-0.3802757739126012,0.584002778739671,0.007421666107279983,-0.7744747775393191,-0.4912338621675328,-0.07946148665290104,-0.7211583779052891,0.9942666307918362,0.47559738708574756,0.5728718273348017,0.17253907744714725,1
RES_SUD_0030,-0.3924493826752661,-0.6352300919414313,-0.06110650098971089,0.5876790452063761,-0.4632113013524346,-0.6797584647898669,-1.1601769362296832,-0.07946148665290104,-0.8062574537677569,-0.37844428414426606,-0.11942844170609528,0.12763465583106934,0.15662793317797302,1
RES_SUD_0032,-0.5259372812485764,-0.22423221672856478,2.0475932084688675,0.6862698277225637,-2.7503205290412645,-0.219449250599854,2.492930819331553,-0.07946148665290104,0.09062667733341914,0.740115365391738,-0.8790108821022548,0.5728718273348017,0.024653365717996922,1
RES_SUD_0039,-0.48536782319850996,-0.6108833707554324,-0.783841375064158,0.5856738089518096,0.19885820366973941,-0.6571351416809215,-0.6953172607678452,-0.07946148665290104,-0.2623317912568458,0.5430357708964758,-1.6308085117151636,0.12763465583106934,0.16096223602236076,1
RES_SUD_0040,-0.67404757640844,-0.7272734147031186,-0.4430634675573945,0.6037209352429084,0.04175791921845021,-0.7605991393658325,-0.6639406446739887,-0.07946148665290104,-0.6907149272156194,0.3073960360139073,-0.5229714288367218,-0.317602515672663,0.18239344758679144,1
RES_SUD_0046,-0.5399777251804957,-0.620128362679583,-0.557654164979217,0.6361389213584004,-0.12011244177180364,-0.6176197373172964,-0.49293729441433576,-0.07946148665290104,-0.7852615613159741,0.36941218628760947,0.24927565452030184,-1.2080768586801278,0.1780045764523263,1
RES_SUD_0051,-0.5967013862298879,-0.6619229015175999,-0.270032055568169,0.692619742528691,-0.03408261406646703,-0.6755354444761972,-0.5112364186996278,-0.07946148665290104,-1.015411700257032,0.08846382284236064,0.19277570204776534,0.5728718273348017,0.17868092553914106,1
RES_SUD_0055,-0.6107217628288886,-0.6724915037038086,-0.23338034816046777,0.5816633364426766,-0.2501820055351995,-0.6812666863304633,-0.5193778517476305,-0.07946148665290104,-0.45788926194296814,0.03809887208118233,0.8269143975845854,-1.6533140301838603,0.1642419120702206,1
RES_SUD_0056,-0.4604910194906457,-0.6342594249217857,-0.6926630379844659,0.5054643587691487,0.5830658723608452,-0.6559285644484444,-0.9500111185555318,-0.07946148665290104,-0.6700130261541227,1.5481116012902938,-1.0673297221898916,1.0181089988385341,0.1496238336146436,1
RES_SUD_0057,-0.7547918349611774,-0.7593515987819158,-0.1708632133794116,0.5118142735752761,-1.2669283639440003,-0.8429480354823944,-0.23140898499245355,-0.07946148665290104,-1.1473109754138775,-0.329120720774616,0.09074243417609608,-0.7628396871763954,0.14216864805878254,1
RES_SUD_0062,-0.4413467838864757,-0.5694588563354183,-0.4621108115645487,0.613747116515741,-0.276862338847291,-0.5639270504720656,-0.6097068936384827,-0.07946148665290104,-0.6021582750552631,1.1833631749006166,0.13271924733366997,0.5728718273348017,0.17727228395334865,1
RES_SUD_0075,-0.40264358779782194,-0.5160476036148112,-0.3828190272317439,0.7133405171592118,-0.4371191460164241,-0.45081043492733763,-0.45010719202907523,-0.07946148665290104,-0.9190477678036633,0.7625244509290742,0.8708818883689078,-0.317602515672663,0.1704494774114378,1
RES_SUD_0080,-0.4814212477245546,-0.5753228796128917,-0.08778360495427294,0.7624688053960914,-1.037922057575687,-0.6140000056198651,-0.46811946008479877,-0.07946148665290104,-0.6254919709103686,0.1608923631700394,-0.8417981317912164,-0.317602515672663,0.17479331448318008,1
RES_SUD_0086,-0.6060928980357071,-0.6790790489662965,-0.656354038470828,0.6511781932676495,0.5596987480538613,-0.7041916537475281,-0.6174401788230973,-0.07946148665290104,-0.6839880645811282,-0.2273782063611505,1.1502831442010784,-1.2080768586801278,0.15995538489484667,1
RES_SUD_0110,-0.6598064591473368,-0.6755264113271277,-0.603865618905661,0.7016433056742403,0.09972662059690579,-0.6652795380001417,-0.13286531207758814,-0.07946148665290104,-1.2863778569078324,0.39170388077533236,1.2018343528503161,-0.317602515672663,0.15333842253953778,1
RES_SUD_0118,-0.4646248900718394,-0.6008552032019346,-0.5051477081564666,0.5642846222364335,0.020188773164703383,-0.523808357492202,-0.7152614512416184,-0.07946148665290104,-0.7727037351978486,0.4645974431984906,0.14607875912019566,-0.317602515672663,0.18265202350993948,1
RES_SUD_0123,-0.6621944717646284,-0.7152625261195832,-0.6999140155326407,0.6114076742187466,1.0817077019753,-0.7518514544303735,-0.608321534512727,-0.07946148665290104,-0.030588248544470276,0.15784924046321613,-0.7550687336743869,0.12763465583106934,0.15584821634691548,1
RES_SUD_0124,-0.7553737876158116,-0.7669653798471113,-0.24580801863482934,0.6144155286005966,-0.5635920859884821,-0.8290723973089078,-0.38937943254081697,-0.07946148665290104,-0.4503692769703576,0.42370072469595843,-2.6930349190521814,0.5728718273348017,0.14541501396720347,1
RES_SUD_0129,-0.7533202305471602,-0.768826163180725,-0.18789038453732157,0.6053919654550471,-0.8041648179440195,-0.8384233708606054,-0.46292046083903643,-0.07946148665290104,-0.25531064377491264,0.000742076175521548,-1.256627805748946,0.5728718273348017,0.16322138099716127,1
RES_SUD_0130,-0.7174599066219489,-0.7510859326956636,-0.09000218763692407,0.6591991382859155,-1.470277663787694,-0.8070523628162009,-0.5961738410679586,-0.07946148665290104,-0.834291888541058,0.13118110048027634,-0.9436267882383409,-1.2080768586801278,0.15551932807678265,1
RES_SUD_0132,-0.6663684770116591,-0.5485054007334959,0.07911513945689012,0.5171615702541202,-0.4437125547679093,-0.4966603697614674,1.5691473835395102,-0.07946148665290104,0.7895827547085608,-0.08434220199371688,-1.480947060446768,-0.7628396871763954,0.09916833314253964,1
RES_SUD_0147,-0.5655568855405047,-0.6537987316348112,-0.1440598486117719,0.6575281080737767,-1.3122589729575527,-0.65351540998349,-0.6295245063687822,-0.07946148665290104,-0.8955120288968548,-0.5123716733881151,1.3215536637244198,-0.317602515672663,0.16347268520004793,1
RES_SUD_0151,-0.5034484901580036,-0.5605262131524332,0.19184799934771002,0.7561188905899642,-1.5266062646987506,-0.5213952030272478,-0.24638729499752562,-0.07946148665290104,-1.0143828819517324,0.17036820008834616,0.12082733039527555,-1.2080768586801278,0.14564491071905056,1
RES_SUD_0155,-0.7884715087092541,-0.8028695834372744,-0.4097306155448748,0.5195010125511145,0.03354151537688814,-0.8894012589327627,-0.7324332077109841,-0.07946148665290104,-0.5504054066126931,1.234573574876031,0.07864929756114178,0.5728718273348017,0.14423568371310258,1
RES_SUD_0162,-0.568259286373518,-0.7183395639501464,-0.14016380097394257,0.6167549708975908,-0.4069285350683352,-0.7394840377974833,-1.1812370401021794,-0.07946148665290104,-0.8029298288544544,0.9282974330778402,0.4352110773307375,-1.2080768586801278,0.1542215184490534,1
RES_SUD_0187,-0.7547316329624223,-0.7824773736740664,-0.3262181129377545,0.5332034602906522,-0.43858351837520576,-0.8498858545691378,-0.7408560924830512,-0.07946148665290104,-0.9768529652517901,1.1349597050426539,-0.008979181890358323,-0.7628396871763954,0.15336226781884138,1
RES_SUD_0189,-0.7358683400191102,-0.7450672167034508,-0.4225009939133071,0.5726397732971272,-0.22932313767469473,-0.7901602815615214,-0.2474432933072341,-0.07946148665290104,-0.724647942652381,-0.19453899219723664,-0.8573278825804297,0.5728718273348017,0.16990516036214098,1
RES_SUD_0205,-0.5146995748142629,-0.6310048066054301,-0.6748422274929238,0.3717819417980472,-0.07619310087857598,-0.6339085299557372,-0.7077737786906743,-0.07946148665290104,-0.9472276849818159,0.20186284299691806,0.7108392912688194,0.12763465583106934,0.16377801733884778,1
RES_SUD_0209,-0.6412575544197465,-0.7264513528058577,-0.14617020774892797,0.5188326004662589,-1.2867505595356368,-0.7455169239598689,-0.8958948776823943,-0.07946148665290104,-0.5889201464313493,0.6731330080539848,-1.9400530138841132,1.0181089988385341,0.15044949618023362,1
RES_SUD_0231,-0.6637664128432377,-0.30689395433906486,-2.257341021496311,0.24277840942093395,5.943731910356452,-0.35639576648600463,4.58698260321984,-0.07946148665290104,-0.6063865212616936,0.7116634558593713,-1.0533802113313258,1.0181089988385341,-0.04270886646973959,-1
RES_SUD_0234,-0.6413110673075291,-0.713334190476507,-0.47322176223538515,0.6919513304438354,0.21131668790120056,-0.7364675947162905,-0.7448287586402627,-0.07946148665290104,-0.9130214365110835,0.788255992568534,-0.2001365085994937,0.5728718273348017,0.17844590456890141,1
RES_SUD_0265,-0.42458387178862456,-0.5528689652615225,-0.4491961351354543,0.8396704011969027,0.24022658388346568,-0.5343659082763766,-0.5765662183183907,-0.07946148665290104,-1.0797775613075422,-0.5337385381600854,0.8884603499259214,-0.317602515672663,0.1559074806152141,1
RES_SUD_0279,-0.4663105460369865,-0.59077006021481,-0.8859863647540338,0.6374757455281115,0.540304375008786,-0.5741829569481208,-0.6415868657657741,-0.07946148665290104,-0.5142297211212017,-0.03269974563997686,-0.6734843040425942,-0.317602515672663,0.17115928402317404,1
RES_SUD_0295,-0.6125278227915462,-0.6655049956141035,-0.30401424885365985,0.6795857068740084,-0.7326242554545495,-0.6725190013950043,-0.4349298430772546,-0.07946148665290104,-0.9022783441253605,-0.3139117066052004,-0.6741626637644199,-0.317602515672663,0.17940217085286086,1
RES_SUD_0296,-0.7449120180543436,-0.6568025772132,-0.4830340303602824,0.4763884330779341,-0.28950536272150007,-0.696348901736427,1.6969454836420588,-0.07946148665290104,-1.7102934020736569,0.8651845615249218,-0.3291197899084997,-0.7628396871763954,0.09783359804293718,1
