date,feeder_id,region,injection_kwh,total_conso,n_clients
2024-01-01,NORD_F1,NORD,1363.8,1293.2,23
2024-01-02,NORD_F1,NORD,1262.2,1221.4,23
2024-01-03,NORD_F1,NORD,1297.9,1266.0,23
2024-01-04,NORD_F1,NORD,1318.9,1259.3,23
2024-01-05,NORD_F1,NORD,1281.4,1250.0,23
2024-01-06,NORD_F1,NORD,932.2,885.7,23
2024-01-07,NORD_F1,NORD,912.7,873.0,23
2024-01-08,NORD_F1,NORD,1318.7,1250.3,23
2024-01-09,NORD_F1,NORD,1279.8,1254.2,23
2024-01-10,NORD_F1,NORD,1359.4,1286.5,23
2024-01-11,NORD_F1,NORD,1325.7,1264.2,23
2024-01-12,NORD_F1,NORD,1306.7,1241.4,23
2024-01-13,NORD_F1,NORD,910.4,892.6,23
2024-01-14,NORD_F1,NORD,870.2,851.7,23
2024-01-15,NORD_F1,NORD,1312.5,1283.7,23
2024-01-16,NORD_F1,NORD,1265.5,1232.4,23
2024-01-17,NORD_F1,NORD,1275.2,1204.5,23
2024-01-18,NORD_F1,NORD,1318.4,1256.2,23
2024-01-19,NORD_F1,NORD,1286.2,1248.0,23
2024-01-20,NORD_F1,NORD,884.6,850.4,23
2024-01-21,NORD_F1,NORD,918.2,885.9,23
2024-01-22,NORD_F1,NORD,1304.9,1246.0,23
2024-01-23,NORD_F1,NORD,1296.2,1246.3,23
2024-01-24,NORD_F1,NORD,1332.5,1279.3,23
2024-01-25,NORD_F1,NORD,1309.3,1238.1,23
2024-01-26,NORD_F1,NORD,1260.2,1232.3,23
2024-01-27,NORD_F1,NORD,912.1,886.6,23
2024-01-28,NORD_F1,NORD,877.9,850.9,23
2024-01-29,NORD_F1,NORD,1345.8,1270.7,23
2024-01-30,NORD_F1,NORD,1280.9,1254.0,23
2024-01-31,NORD_F1,NORD,1330.9,1255.7,23
2024-02-01,NORD_F1,NORD,1339.5,1265.4,23
2024-02-02,NORD_F1,NORD,1345.9,1296.2,23
2024-02-03,NORD_F1,NORD,918.1,866.5,23
2024-02-04,NORD_F1,NORD,915.0,866.2,23
2024-02-05,NORD_F1,NORD,1284.2,1245.9,23
2024-02-06,NORD_F1,NORD,1321.7,1257.4,23
2024-02-07,NORD_F1,NORD,1368.8,1297.8,23
2024-02-08,NORD_F1,NORD,1350.9,1283.6,23
2024-02-09,NORD_F1,NORD,1314.3,1249.7,23
2024-02-10,NORD_F1,NORD,922.7,886.2,23
2024-02-11,NORD_F1,NORD,900.0,879.7,23
2024-02-12,NORD_F1,NORD,1327.7,1258.6,23
2024-02-13,NORD_F1,NORD,1286.6,1251.6,23
2024-02-14,NORD_F1,NORD,1308.5,1251.8,23
2024-02-15,NORD_F1,NORD,1277.5,1219.7,23
2024-02-16,NORD_F1,NORD,1297.3,1245.6,23
2024-02-17,NORD_F1,NORD,908.2,870.2,23
2024-02-18,NORD_F1,NORD,888.1,841.2,23
2024-02-19,NORD_F1,NORD,1311.7,1245.1,23
2024-02-20,NORD_F1,NORD,1262.7,1204.6,23
2024-02-21,NORD_F1,NORD,1316.3,1275.5,23
2024-02-22,NORD_F1,NORD,1297.1,1272.2,23
2024-02-23,NORD_F1,NORD,1325.7,1268.2,23
2024-02-24,NORD_F1,NORD,871.3,845.9,23
2024-02-25,NORD_F1,NORD,894.2,861.8,23
2024-02-26,NORD_F1,NORD,1244.9,1212.6,23
2024-02-27,NORD_F1,NORD,1290.3,1252.9,23
2024-02-28,NORD_F1,NORD,1274.1,1250.0,23
2024-02-29,NORD_F1,NORD,1281.2,1224.3,23
2024-03-01,NORD_F1,NORD,1273.6,1247.5,23
2024-03-02,NORD_F1,NORD,917.4,884.4,23
2024-03-03,NORD_F1,NORD,878.0,858.3,23
2024-03-04,NORD_F1,NORD,1327.9,1254.0,23
2024-03-05,NORD_F1,NORD,1337.9,1293.1,23
2024-03-06,NORD_F1,NORD,1285.6,1256.6,23
2024-03-07,NORD_F1,NORD,1303.2,1253.0,23
2024-03-08,NORD_F1,NORD,1327.1,1282.2,23
2024-03-09,NORD_F1,NORD,913.0,894.5,23
2024-03-10,NORD_F1,NORD,905.2,856.6,23
2024-03-11,NORD_F1,NORD,1317.6,1250.6,23
2024-03-12,NORD_F1,NORD,1306.4,1238.7,23
2024-03-13,NORD_F1,NORD,1294.3,1269.7,23
2024-03-14,NORD_F1,NORD,1344.9,1275.8,23
2024-03-15,NORD_F1,NORD,1303.4,1250.6,23
2024-03-16,NORD_F1,NORD,866.5,850.0,23
2024-03-17,NORD_F1,NORD,890.9,862.6,23
2024-03-18,NORD_F1,NORD,1247.3,1222.4,23
2024-03-19,NORD_F1,NORD,1294.1,1254.9,23
2024-03-20,NORD_F1,NORD,1299.4,1268.2,23
2024-03-21,NORD_F1,NORD,1336.9,1273.4,23
2024-03-22,NORD_F1,NORD,1271.6,1237.5,23
2024-03-23,NORD_F1,NORD,937.9,894.8,23
2024-03-24,NORD_F1,NORD,876.5,844.6,23
2024-03-25,NORD_F1,NORD,1258.9,1220.1,23
2024-03-26,NORD_F1,NORD,1301.4,1233.4,23
2024-03-27,NORD_F1,NORD,1302.9,1256.8,23
2024-03-28,NORD_F1,NORD,1314.0,1248.2,23
2024-03-29,NORD_F1,NORD,1335.9,1284.6,23
2024-03-30,NORD_F1,NORD,902.8,876.8,23
2024-01-01,NORD_F2,NORD,1542.0,1460.5,23
2024-01-02,NORD_F2,NORD,1604.1,1547.1,23
2024-01-03,NORD_F2,NORD,1597.7,1521.0,23
2024-01-04,NORD_F2,NORD,1553.5,1511.8,23
2024-01-05,NORD_F2,NORD,1534.7,1465.4,23
2024-01-06,NORD_F2,NORD,978.3,928.8,23
2024-01-07,NORD_F2,NORD,986.7,932.3,23
2024-01-08,NORD_F2,NORD,1526.7,1497.2,23
2024-01-09,NORD_F2,NORD,1524.9,1485.4,23
2024-01-10,NORD_F2,NORD,1565.7,1492.9,23
2024-01-11,NORD_F2,NORD,1557.3,1481.4,23
2024-01-12,NORD_F2,NORD,1460.3,1418.0,23
2024-01-13,NORD_F2,NORD,1023.2,977.3,23
2024-01-14,NORD_F2,NORD,994.4,955.3,23
2024-01-15,NORD_F2,NORD,1554.6,1466.2,23
2024-01-16,NORD_F2,NORD,1572.3,1482.8,23
2024-01-17,NORD_F2,NORD,1566.8,1493.5,23
2024-01-18,NORD_F2,NORD,1530.4,1442.9,23
2024-01-19,NORD_F2,NORD,1558.6,1497.6,23
2024-01-20,NORD_F2,NORD,1014.9,964.4,23
2024-01-21,NORD_F2,NORD,1001.3,946.5,23
2024-01-22,NORD_F2,NORD,1536.2,1492.7,23
2024-01-23,NORD_F2,NORD,1608.7,1552.6,23
2024-01-24,NORD_F2,NORD,1589.5,1516.8,23
2024-01-25,NORD_F2,NORD,1551.2,1495.2,23
2024-01-26,NORD_F2,NORD,1554.6,1485.0,23
2024-01-27,NORD_F2,NORD,1019.0,992.0,23
2024-01-28,NORD_F2,NORD,1004.5,965.0,23
2024-01-29,NORD_F2,NORD,1542.7,1488.9,23
2024-01-30,NORD_F2,NORD,1590.1,1508.9,23
2024-01-31,NORD_F2,NORD,1544.4,1497.9,23
2024-02-01,NORD_F2,NORD,1603.9,1521.2,23
2024-02-02,NORD_F2,NORD,1514.2,1473.5,23
2024-02-03,NORD_F2,NORD,976.4,957.8,23
2024-02-04,NORD_F2,NORD,951.2,917.1,23
2024-02-05,NORD_F2,NORD,1586.3,1518.8,23
2024-02-06,NORD_F2,NORD,1553.8,1516.8,23
2024-02-07,NORD_F2,NORD,1571.5,1513.9,23
2024-02-08,NORD_F2,NORD,1548.9,1513.7,23
2024-02-09,NORD_F2,NORD,1527.2,1474.9,23
2024-02-10,NORD_F2,NORD,966.5,935.8,23
2024-02-11,NORD_F2,NORD,991.8,949.1,23
2024-02-12,NORD_F2,NORD,1515.6,1472.9,23
2024-02-13,NORD_F2,NORD,1521.5,1468.9,23
2024-02-14,NORD_F2,NORD,1537.8,1473.0,23
2024-02-15,NORD_F2,NORD,1518.9,1477.0,23
2024-02-16,NORD_F2,NORD,1581.9,1500.9,23
2024-02-17,NORD_F2,NORD,988.7,938.0,23
2024-02-18,NORD_F2,NORD,1033.9,978.5,23
2024-02-19,NORD_F2,NORD,1544.8,1477.8,23
2024-02-20,NORD_F2,NORD,1586.5,1510.2,23
2024-02-21,NORD_F2,NORD,1589.4,1503.0,23
2024-02-22,NORD_F2,NORD,1499.2,1445.4,23
2024-02-23,NORD_F2,NORD,1590.2,1540.9,23
2024-02-24,NORD_F2,NORD,987.6,957.8,23
2024-02-25,NORD_F2,NORD,985.1,956.1,23
2024-02-26,NORD_F2,NORD,1460.6,1429.4,23
2024-02-27,NORD_F2,NORD,1567.5,1512.5,23
2024-02-28,NORD_F2,NORD,1509.1,1479.0,23
2024-02-29,NORD_F2,NORD,1564.5,1490.3,23
2024-03-01,NORD_F2,NORD,1537.7,1495.6,23
2024-03-02,NORD_F2,NORD,991.8,972.1,23
2024-03-03,NORD_F2,NORD,1021.7,970.4,23
2024-03-04,NORD_F2,NORD,1524.4,1490.3,23
2024-03-05,NORD_F2,NORD,1516.6,1458.7,23
2024-03-06,NORD_F2,NORD,1553.8,1482.4,23
2024-03-07,NORD_F2,NORD,1532.5,1467.0,23
2024-03-08,NORD_F2,NORD,1576.4,1499.8,23
2024-03-09,NORD_F2,NORD,1032.3,976.6,23
2024-03-10,NORD_F2,NORD,1001.0,954.0,23
2024-03-11,NORD_F2,NORD,1570.8,1490.8,23
2024-03-12,NORD_F2,NORD,1525.4,1442.5,23
2024-03-13,NORD_F2,NORD,1580.6,1543.7,23
2024-03-14,NORD_F2,NORD,1542.1,1478.8,23
2024-03-15,NORD_F2,NORD,1574.0,1501.4,23
2024-03-16,NORD_F2,NORD,993.8,940.9,23
2024-03-17,NORD_F2,NORD,982.4,946.6,23
2024-03-18,NORD_F2,NORD,1594.1,1512.2,23
2024-03-19,NORD_F2,NORD,1542.7,1500.7,23
2024-03-20,NORD_F2,NORD,1562.9,1505.2,23
2024-03-21,NORD_F2,NORD,1583.3,1515.4,23
2024-03-22,NORD_F2,NORD,1552.1,1513.0,23
2024-03-23,NORD_F2,NORD,1003.9,972.7,23
2024-03-24,NORD_F2,NORD,1013.4,963.7,23
2024-03-25,NORD_F2,NORD,1619.5,1530.7,23
2024-03-26,NORD_F2,NORD,1531.2,1491.9,23
2024-03-27,NORD_F2,NORD,1564.7,1510.2,23
2024-03-28,NORD_F2,NORD,1587.3,1499.4,23
2024-03-29,NORD_F2,NORD,1577.7,1499.4,23
2024-03-30,NORD_F2,NORD,1004.9,954.8,23
2024-01-01,NORD_F3,NORD,1097.0,1069.6,22
2024-01-02,NORD_F3,NORD,1107.3,1071.9,22
2024-01-03,NORD_F3,NORD,1041.6,1009.6,22
2024-01-04,NORD_F3,NORD,1052.2,1009.7,22
2024-01-05,NORD_F3,NORD,1043.3,1006.1,22
2024-01-06,NORD_F3,NORD,744.0,701.6,22
2024-01-07,NORD_F3,NORD,794.0,760.6,22
2024-01-08,NORD_F3,NORD,998.2,975.8,22
2024-01-09,NORD_F3,NORD,1053.2,1030.4,22
2024-01-10,NORD_F3,NORD,1035.9,1013.0,22
2024-01-11,NORD_F3,NORD,807.1,1027.3,22
2024-01-12,NORD_F3,NORD,1051.5,998.3,22
2024-01-13,NORD_F3,NORD,758.0,725.0,22
2024-01-14,NORD_F3,NORD,728.1,702.5,22
2024-01-15,NORD_F3,NORD,1071.6,1044.6,22
2024-01-16,NORD_F3,NORD,1082.0,1022.7,22
2024-01-17,NORD_F3,NORD,1061.5,1041.3,22
2024-01-18,NORD_F3,NORD,1030.2,1004.6,22
2024-01-19,NORD_F3,NORD,1045.9,993.2,22
2024-01-20,NORD_F3,NORD,746.6,730.9,22
2024-01-21,NORD_F3,NORD,786.1,761.5,22
2024-01-22,NORD_F3,NORD,1058.0,1016.7,22
2024-01-23,NORD_F3,NORD,1066.9,1038.2,22
2024-01-24,NORD_F3,NORD,1044.8,1004.4,22
2024-01-25,NORD_F3,NORD,1008.1,976.0,22
2024-01-26,NORD_F3,NORD,1039.8,989.8,22
2024-01-27,NORD_F3,NORD,714.2,699.9,22
2024-01-28,NORD_F3,NORD,765.5,738.4,22
2024-01-29,NORD_F3,NORD,1068.6,1012.5,22
2024-01-30,NORD_F3,NORD,1063.8,1021.6,22
2024-01-31,NORD_F3,NORD,1068.5,1027.8,22
2024-02-01,NORD_F3,NORD,1073.2,1021.2,22
2024-02-02,NORD_F3,NORD,1127.5,1065.3,22
2024-02-03,NORD_F3,NORD,742.0,708.0,22
2024-02-04,NORD_F3,NORD,761.3,734.9,22
2024-02-05,NORD_F3,NORD,1094.7,1036.4,22
2024-02-06,NORD_F3,NORD,1058.7,1026.4,22
2024-02-07,NORD_F3,NORD,1051.5,1008.2,22
2024-02-08,NORD_F3,NORD,1114.5,1057.9,22
2024-02-09,NORD_F3,NORD,1082.1,1061.1,22
2024-02-10,NORD_F3,NORD,707.1,691.7,22
2024-02-11,NORD_F3,NORD,746.9,727.5,22
2024-02-12,NORD_F3,NORD,1062.0,1038.5,22
2024-02-13,NORD_F3,NORD,1135.8,1072.7,22
2024-02-14,NORD_F3,NORD,1068.2,1026.9,22
2024-02-15,NORD_F3,NORD,1106.8,1072.3,22
2024-02-16,NORD_F3,NORD,1114.7,1059.0,22
2024-02-17,NORD_F3,NORD,771.8,738.2,22
2024-02-18,NORD_F3,NORD,538.6,735.4,22
2024-02-19,NORD_F3,NORD,1096.4,1037.6,22
2024-02-20,NORD_F3,NORD,1054.3,1019.8,22
2024-02-21,NORD_F3,NORD,1043.4,999.2,22
2024-02-22,NORD_F3,NORD,1077.6,1043.0,22
2024-02-23,NORD_F3,NORD,1105.7,1060.9,22
2024-02-24,NORD_F3,NORD,756.3,734.0,22
2024-02-25,NORD_F3,NORD,735.7,720.9,22
2024-02-26,NORD_F3,NORD,1027.5,1006.3,22
2024-02-27,NORD_F3,NORD,1068.7,1026.2,22
2024-02-28,NORD_F3,NORD,1050.8,1022.5,22
2024-02-29,NORD_F3,NORD,994.4,963.7,22
2024-03-01,NORD_F3,NORD,1077.9,1042.8,22
2024-03-02,NORD_F3,NORD,787.5,745.4,22
2024-03-03,NORD_F3,NORD,731.0,710.9,22
2024-03-04,NORD_F3,NORD,1091.7,1031.9,22
2024-03-05,NORD_F3,NORD,1090.2,1033.7,22
2024-03-06,NORD_F3,NORD,1094.6,1051.5,22
2024-03-07,NORD_F3,NORD,1020.5,984.1,22
2024-03-08,NORD_F3,NORD,920.2,1059.3,22
2024-03-09,NORD_F3,NORD,717.0,692.6,22
2024-03-10,NORD_F3,NORD,731.8,701.3,22
2024-03-11,NORD_F3,NORD,1047.7,1009.2,22
2024-03-12,NORD_F3,NORD,1054.5,1019.0,22
2024-03-13,NORD_F3,NORD,822.2,1004.6,22
2024-03-14,NORD_F3,NORD,1096.1,1035.5,22
2024-03-15,NORD_F3,NORD,1085.0,1031.2,22
2024-03-16,NORD_F3,NORD,758.2,725.8,22
2024-03-17,NORD_F3,NORD,532.6,718.2,22
2024-03-18,NORD_F3,NORD,1038.7,1013.0,22
2024-03-19,NORD_F3,NORD,1101.9,1041.4,22
2024-03-20,NORD_F3,NORD,1038.7,998.5,22
2024-03-21,NORD_F3,NORD,1051.8,1012.4,22
2024-03-22,NORD_F3,NORD,1087.7,1042.3,22
2024-03-23,NORD_F3,NORD,742.3,724.8,22
2024-03-24,NORD_F3,NORD,617.2,745.4,22
2024-03-25,NORD_F3,NORD,1079.7,1020.6,22
2024-03-26,NORD_F3,NORD,998.2,965.0,22
2024-03-27,NORD_F3,NORD,1077.8,1041.7,22
2024-03-28,NORD_F3,NORD,1111.1,1052.3,22
2024-03-29,NORD_F3,NORD,956.7,1047.5,22
2024-03-30,NORD_F3,NORD,762.1,735.7,22
2024-01-01,SUD_F1,SUD,994.8,976.0,20
2024-01-02,SUD_F1,SUD,984.3,954.7,20
2024-01-03,SUD_F1,SUD,865.1,843.0,20
2024-01-04,SUD_F1,SUD,1059.2,1005.4,20
2024-01-05,SUD_F1,SUD,1043.1,986.7,20
2024-01-06,SUD_F1,SUD,631.9,619.3,20
2024-01-07,SUD_F1,SUD,632.6,607.7,20
2024-01-08,SUD_F1,SUD,978.5,934.1,20
2024-01-09,SUD_F1,SUD,892.4,842.6,20
2024-01-10,SUD_F1,SUD,977.8,933.0,20
2024-01-11,SUD_F1,SUD,986.8,965.0,20
2024-01-12,SUD_F1,SUD,1023.5,995.2,20
2024-01-13,SUD_F1,SUD,693.3,669.7,20
2024-01-14,SUD_F1,SUD,698.0,664.1,20
2024-01-15,SUD_F1,SUD,1003.5,951.6,20
2024-01-16,SUD_F1,SUD,999.9,974.1,20
2024-01-17,SUD_F1,SUD,925.5,896.3,20
2024-01-18,SUD_F1,SUD,1015.0,962.8,20
2024-01-19,SUD_F1,SUD,952.8,905.8,20
2024-01-20,SUD_F1,SUD,607.2,591.8,20
2024-01-21,SUD_F1,SUD,695.0,656.4,20
2024-01-22,SUD_F1,SUD,1016.9,970.2,20
2024-01-23,SUD_F1,SUD,988.9,957.6,20
2024-01-24,SUD_F1,SUD,909.7,866.7,20
2024-01-25,SUD_F1,SUD,978.9,957.7,20
2024-01-26,SUD_F1,SUD,1000.5,964.8,20
2024-01-27,SUD_F1,SUD,645.7,618.7,20
2024-01-28,SUD_F1,SUD,618.0,595.7,20
2024-01-29,SUD_F1,SUD,962.9,937.5,20
2024-01-30,SUD_F1,SUD,965.8,912.3,20
2024-01-31,SUD_F1,SUD,1003.6,982.7,20
2024-02-01,SUD_F1,SUD,992.7,950.7,20
2024-02-02,SUD_F1,SUD,932.0,886.5,20
2024-02-03,SUD_F1,SUD,688.1,655.0,20
2024-02-04,SUD_F1,SUD,674.1,653.9,20
2024-02-05,SUD_F1,SUD,976.2,957.0,20
2024-02-06,SUD_F1,SUD,977.7,954.7,20
2024-02-07,SUD_F1,SUD,1030.1,985.6,20
2024-02-08,SUD_F1,SUD,995.6,940.5,20
2024-02-09,SUD_F1,SUD,914.1,893.4,20
2024-02-10,SUD_F1,SUD,656.7,631.3,20
2024-02-11,SUD_F1,SUD,656.7,632.7,20
2024-02-12,SUD_F1,SUD,1033.6,983.8,20
2024-02-13,SUD_F1,SUD,1010.8,983.4,20
2024-02-14,SUD_F1,SUD,927.0,900.5,20
2024-02-15,SUD_F1,SUD,1050.4,1011.9,20
2024-02-16,SUD_F1,SUD,1065.2,1006.1,20
2024-02-17,SUD_F1,SUD,688.1,648.8,20
2024-02-18,SUD_F1,SUD,645.2,626.4,20
2024-02-19,SUD_F1,SUD,1007.6,974.8,20
2024-02-20,SUD_F1,SUD,982.6,943.9,20
2024-02-21,SUD_F1,SUD,843.4,826.2,20
2024-02-22,SUD_F1,SUD,1010.6,966.7,20
2024-02-23,SUD_F1,SUD,1030.7,986.1,20
2024-02-24,SUD_F1,SUD,617.8,598.6,20
2024-02-25,SUD_F1,SUD,618.2,602.3,20
2024-02-26,SUD_F1,SUD,946.4,895.5,20
2024-02-27,SUD_F1,SUD,977.8,952.2,20
2024-02-28,SUD_F1,SUD,954.0,902.8,20
2024-02-29,SUD_F1,SUD,992.9,971.2,20
2024-03-01,SUD_F1,SUD,979.6,958.7,20
2024-03-02,SUD_F1,SUD,647.0,609.9,20
2024-03-03,SUD_F1,SUD,661.1,646.1,20
2024-03-04,SUD_F1,SUD,1017.0,966.8,20
2024-03-05,SUD_F1,SUD,988.8,960.0,20
2024-03-06,SUD_F1,SUD,1005.5,975.7,20
2024-03-07,SUD_F1,SUD,989.5,964.1,20
2024-03-08,SUD_F1,SUD,953.6,920.6,20
2024-03-09,SUD_F1,SUD,694.7,655.0,20
2024-03-10,SUD_F1,SUD,642.4,628.9,20
2024-03-11,SUD_F1,SUD,926.8,874.6,20
2024-03-12,SUD_F1,SUD,1018.2,981.1,20
2024-03-13,SUD_F1,SUD,1021.7,988.7,20
2024-03-14,SUD_F1,SUD,913.1,861.3,20
2024-03-15,SUD_F1,SUD,980.6,944.7,20
2024-03-16,SUD_F1,SUD,697.8,669.0,20
2024-03-17,SUD_F1,SUD,664.5,634.1,20
2024-03-18,SUD_F1,SUD,998.8,948.0,20
2024-03-19,SUD_F1,SUD,1015.6,989.9,20
2024-03-20,SUD_F1,SUD,979.5,934.8,20
2024-03-21,SUD_F1,SUD,877.7,827.8,20
2024-03-22,SUD_F1,SUD,881.2,860.3,20
2024-03-23,SUD_F1,SUD,685.6,649.2,20
2024-03-24,SUD_F1,SUD,694.0,675.9,20
2024-03-25,SUD_F1,SUD,937.2,904.6,20
2024-03-26,SUD_F1,SUD,975.3,923.3,20
2024-03-27,SUD_F1,SUD,984.0,929.1,20
2024-03-28,SUD_F1,SUD,988.2,960.4,20
2024-03-29,SUD_F1,SUD,1024.3,974.6,20
2024-03-30,SUD_F1,SUD,688.3,667.8,20
2024-01-01,SUD_F2,SUD,731.6,709.9,19
2024-01-02,SUD_F2,SUD,786.0,751.0,19
2024-01-03,SUD_F2,SUD,744.7,719.4,19
2024-01-04,SUD_F2,SUD,733.8,700.8,19
2024-01-05,SUD_F2,SUD,725.9,697.2,19
2024-01-06,SUD_F2,SUD,544.4,531.7,19
2024-01-07,SUD_F2,SUD,511.0,486.4,19
2024-01-08,SUD_F2,SUD,762.0,719.7,19
2024-01-09,SUD_F2,SUD,759.9,719.9,19
2024-01-10,SUD_F2,SUD,739.1,705.4,19
2024-01-11,SUD_F2,SUD,743.8,712.0,19
2024-01-12,SUD_F2,SUD,741.0,718.5,19
2024-01-13,SUD_F2,SUD,502.6,488.9,19
2024-01-14,SUD_F2,SUD,533.4,513.6,19
2024-01-15,SUD_F2,SUD,764.5,744.6,19
2024-01-16,SUD_F2,SUD,773.5,740.7,19
2024-01-17,SUD_F2,SUD,712.9,692.4,19
2024-01-18,SUD_F2,SUD,746.9,716.1,19
2024-01-19,SUD_F2,SUD,737.1,701.3,19
2024-01-20,SUD_F2,SUD,512.1,498.7,19
2024-01-21,SUD_F2,SUD,520.0,492.4,19
2024-01-22,SUD_F2,SUD,764.7,722.2,19
2024-01-23,SUD_F2,SUD,783.4,747.9,19
2024-01-24,SUD_F2,SUD,720.5,693.4,19
2024-01-25,SUD_F2,SUD,729.2,706.5,19
2024-01-26,SUD_F2,SUD,738.0,723.1,19
2024-01-27,SUD_F2,SUD,552.2,524.0,19
2024-01-28,SUD_F2,SUD,532.1,514.7,19
2024-01-29,SUD_F2,SUD,717.0,702.5,19
2024-01-30,SUD_F2,SUD,744.1,711.1,19
2024-01-31,SUD_F2,SUD,791.2,749.7,19
2024-02-01,SUD_F2,SUD,760.5,742.0,19
2024-02-02,SUD_F2,SUD,765.3,723.9,19
2024-02-03,SUD_F2,SUD,556.9,535.2,19
2024-02-04,SUD_F2,SUD,540.9,511.4,19
2024-02-05,SUD_F2,SUD,738.2,711.0,19
2024-02-06,SUD_F2,SUD,740.7,703.1,19
2024-02-07,SUD_F2,SUD,738.5,712.5,19
2024-02-08,SUD_F2,SUD,734.3,708.0,19
2024-02-09,SUD_F2,SUD,712.2,692.0,19
2024-02-10,SUD_F2,SUD,550.2,519.8,19
2024-02-11,SUD_F2,SUD,546.0,520.8,19
2024-02-12,SUD_F2,SUD,707.3,692.0,19
2024-02-13,SUD_F2,SUD,756.8,718.1,19
2024-02-14,SUD_F2,SUD,740.1,725.1,19
2024-02-15,SUD_F2,SUD,768.0,726.8,19
2024-02-16,SUD_F2,SUD,739.8,719.0,19
2024-02-17,SUD_F2,SUD,506.2,485.3,19
2024-02-18,SUD_F2,SUD,532.1,510.4,19
2024-02-19,SUD_F2,SUD,752.5,735.8,19
2024-02-20,SUD_F2,SUD,796.8,761.7,19
2024-02-21,SUD_F2,SUD,752.9,714.6,19
2024-02-22,SUD_F2,SUD,748.3,729.5,19
2024-02-23,SUD_F2,SUD,721.8,702.4,19
2024-02-24,SUD_F2,SUD,508.2,493.3,19
2024-02-25,SUD_F2,SUD,529.8,511.6,19
2024-02-26,SUD_F2,SUD,741.9,707.0,19
2024-02-27,SUD_F2,SUD,712.5,673.4,19
2024-02-28,SUD_F2,SUD,753.9,728.6,19
2024-02-29,SUD_F2,SUD,720.0,706.2,19
2024-03-01,SUD_F2,SUD,724.6,685.6,19
2024-03-02,SUD_F2,SUD,544.0,517.2,19
2024-03-03,SUD_F2,SUD,525.6,496.3,19
2024-03-04,SUD_F2,SUD,755.1,716.2,19
2024-03-05,SUD_F2,SUD,737.7,709.3,19
2024-03-06,SUD_F2,SUD,714.2,699.6,19
2024-03-07,SUD_F2,SUD,744.5,706.8,19
2024-03-08,SUD_F2,SUD,768.9,735.1,19
2024-03-09,SUD_F2,SUD,559.5,535.1,19
2024-03-10,SUD_F2,SUD,550.1,527.8,19
2024-03-11,SUD_F2,SUD,751.7,736.7,19
2024-03-12,SUD_F2,SUD,762.3,730.7,19
2024-03-13,SUD_F2,SUD,748.0,718.6,19
2024-03-14,SUD_F2,SUD,732.4,693.8,19
2024-03-15,SUD_F2,SUD,780.2,737.7,19
2024-03-16,SUD_F2,SUD,522.9,500.8,19
2024-03-17,SUD_F2,SUD,545.4,525.5,19
2024-03-18,SUD_F2,SUD,717.9,692.6,19
2024-03-19,SUD_F2,SUD,765.3,726.2,19
2024-03-20,SUD_F2,SUD,740.6,710.5,19
2024-03-21,SUD_F2,SUD,758.3,727.9,19
2024-03-22,SUD_F2,SUD,739.9,709.4,19
2024-03-23,SUD_F2,SUD,522.7,493.1,19
2024-03-24,SUD_F2,SUD,537.6,512.3,19
2024-03-25,SUD_F2,SUD,736.7,717.3,19
2024-03-26,SUD_F2,SUD,726.7,704.4,19
2024-03-27,SUD_F2,SUD,700.2,682.9,19
2024-03-28,SUD_F2,SUD,750.4,731.7,19
2024-03-29,SUD_F2,SUD,769.9,747.0,19
2024-03-30,SUD_F2,SUD,503.0,486.6,19
2024-01-01,SUD_F3,SUD,900.4,851.9,19
2024-01-02,SUD_F3,SUD,864.6,825.5,19
2024-01-03,SUD_F3,SUD,808.4,792.2,19
2024-01-04,SUD_F3,SUD,875.8,827.3,19
2024-01-05,SUD_F3,SUD,886.0,853.7,19
2024-01-06,SUD_F3,SUD,631.8,616.9,19
2024-01-07,SUD_F3,SUD,603.6,569.4,19
2024-01-08,SUD_F3,SUD,829.6,813.0,19
2024-01-09,SUD_F3,SUD,923.3,875.9,19
2024-01-10,SUD_F3,SUD,888.4,837.8,19
2024-01-11,SUD_F3,SUD,859.7,835.2,19
2024-01-12,SUD_F3,SUD,911.7,860.4,19
2024-01-13,SUD_F3,SUD,626.9,600.2,19
2024-01-14,SUD_F3,SUD,603.5,587.6,19
2024-01-15,SUD_F3,SUD,884.1,837.6,19
2024-01-16,SUD_F3,SUD,876.2,850.3,19
2024-01-17,SUD_F3,SUD,862.8,816.9,19
2024-01-18,SUD_F3,SUD,871.1,826.0,19
2024-01-19,SUD_F3,SUD,872.0,827.6,19
2024-01-20,SUD_F3,SUD,604.7,583.3,19
2024-01-21,SUD_F3,SUD,602.3,581.6,19
2024-01-22,SUD_F3,SUD,878.7,837.1,19
2024-01-23,SUD_F3,SUD,836.5,792.1,19
2024-01-24,SUD_F3,SUD,826.3,804.1,19
2024-01-25,SUD_F3,SUD,880.6,859.0,19
2024-01-26,SUD_F3,SUD,862.6,833.1,19
2024-01-27,SUD_F3,SUD,622.9,592.2,19
2024-01-28,SUD_F3,SUD,634.6,621.5,19
2024-01-29,SUD_F3,SUD,866.4,821.6,19
2024-01-30,SUD_F3,SUD,847.5,818.4,19
2024-01-31,SUD_F3,SUD,902.3,873.9,19
2024-02-01,SUD_F3,SUD,892.5,845.4,19
2024-02-02,SUD_F3,SUD,892.7,870.0,19
2024-02-03,SUD_F3,SUD,614.0,590.7,19
2024-02-04,SUD_F3,SUD,597.4,564.9,19
2024-02-05,SUD_F3,SUD,859.5,813.7,19
2024-02-06,SUD_F3,SUD,829.5,787.7,19
2024-02-07,SUD_F3,SUD,854.6,833.6,19
2024-02-08,SUD_F3,SUD,853.4,824.0,19
2024-02-09,SUD_F3,SUD,846.9,805.2,19
2024-02-10,SUD_F3,SUD,600.7,582.4,19
2024-02-11,SUD_F3,SUD,617.7,590.5,19
2024-02-12,SUD_F3,SUD,880.5,863.2,19
2024-02-13,SUD_F3,SUD,913.4,875.0,19
2024-02-14,SUD_F3,SUD,877.5,838.8,19
2024-02-15,SUD_F3,SUD,884.2,846.6,19
2024-02-16,SUD_F3,SUD,865.9,846.7,19
2024-02-17,SUD_F3,SUD,603.4,589.2,19
2024-02-18,SUD_F3,SUD,594.0,566.7,19
2024-02-19,SUD_F3,SUD,889.1,862.5,19
2024-02-20,SUD_F3,SUD,840.6,814.5,19
2024-02-21,SUD_F3,SUD,871.1,835.4,19
2024-02-22,SUD_F3,SUD,896.3,845.2,19
2024-02-23,SUD_F3,SUD,868.5,841.7,19
2024-02-24,SUD_F3,SUD,594.3,574.2,19
2024-02-25,SUD_F3,SUD,609.5,584.8,19
2024-02-26,SUD_F3,SUD,867.0,826.5,19
2024-02-27,SUD_F3,SUD,829.5,797.9,19
2024-02-28,SUD_F3,SUD,869.9,831.4,19
2024-02-29,SUD_F3,SUD,849.3,829.8,19
2024-03-01,SUD_F3,SUD,873.2,841.4,19
2024-03-02,SUD_F3,SUD,612.6,579.8,19
2024-03-03,SUD_F3,SUD,637.7,611.5,19
2024-03-04,SUD_F3,SUD,898.7,860.2,19
2024-03-05,SUD_F3,SUD,837.5,793.5,19
2024-03-06,SUD_F3,SUD,833.2,803.4,19
2024-03-07,SUD_F3,SUD,861.1,831.9,19
2024-03-08,SUD_F3,SUD,853.1,819.8,19
2024-03-09,SUD_F3,SUD,615.2,584.2,19
2024-03-10,SUD_F3,SUD,638.3,606.6,19
2024-03-11,SUD_F3,SUD,889.7,854.4,19
2024-03-12,SUD_F3,SUD,872.1,828.9,19
2024-03-13,SUD_F3,SUD,826.4,809.8,19
2024-03-14,SUD_F3,SUD,905.5,856.8,19
2024-03-15,SUD_F3,SUD,884.0,841.1,19
2024-03-16,SUD_F3,SUD,616.7,585.8,19
2024-03-17,SUD_F3,SUD,608.1,586.2,19
2024-03-18,SUD_F3,SUD,865.0,841.6,19
2024-03-19,SUD_F3,SUD,825.8,804.9,19
2024-03-20,SUD_F3,SUD,883.3,864.5,19
2024-03-21,SUD_F3,SUD,873.9,824.7,19
2024-03-22,SUD_F3,SUD,909.9,859.2,19
2024-03-23,SUD_F3,SUD,647.5,611.3,19
2024-03-24,SUD_F3,SUD,601.4,570.1,19
2024-03-25,SUD_F3,SUD,839.9,822.2,19
2024-03-26,SUD_F3,SUD,880.8,832.9,19
2024-03-27,SUD_F3,SUD,885.0,867.5,19
2024-03-28,SUD_F3,SUD,868.5,847.7,19
2024-03-29,SUD_F3,SUD,871.8,834.0,19
2024-03-30,SUD_F3,SUD,605.8,593.0,19
2024-01-01,EST_F1,EST,1355.7,1303.1,21
2024-01-02,EST_F1,EST,1396.6,1368.4,21
2024-01-03,EST_F1,EST,1382.1,1309.9,21
2024-01-04,EST_F1,EST,1380.7,1316.5,21
2024-01-05,EST_F1,EST,1372.7,1318.7,21
2024-01-06,EST_F1,EST,998.2,957.6,21
2024-01-07,EST_F1,EST,972.3,953.5,21
2024-01-08,EST_F1,EST,1340.8,1313.9,21
2024-01-09,EST_F1,EST,1392.3,1336.4,21
2024-01-10,EST_F1,EST,1416.8,1345.9,21
2024-01-11,EST_F1,EST,1405.1,1341.8,21
2024-01-12,EST_F1,EST,1403.2,1360.6,21
2024-01-13,EST_F1,EST,1026.5,982.9,21
2024-01-14,EST_F1,EST,1002.2,946.6,21
2024-01-15,EST_F1,EST,1389.8,1321.5,21
2024-01-16,EST_F1,EST,1394.1,1340.5,21
2024-01-17,EST_F1,EST,1342.3,1307.7,21
2024-01-18,EST_F1,EST,1332.5,1296.2,21
2024-01-19,EST_F1,EST,1395.2,1325.2,21
2024-01-20,EST_F1,EST,979.7,943.0,21
2024-01-21,EST_F1,EST,975.9,937.2,21
2024-01-22,EST_F1,EST,1357.1,1330.3,21
2024-01-23,EST_F1,EST,1346.0,1302.5,21
2024-01-24,EST_F1,EST,1319.9,1287.0,21
2024-01-25,EST_F1,EST,1397.2,1318.2,21
2024-01-26,EST_F1,EST,1441.0,1365.0,21
2024-01-27,EST_F1,EST,968.1,945.0,21
2024-01-28,EST_F1,EST,959.6,939.9,21
2024-01-29,EST_F1,EST,1398.7,1339.2,21
2024-01-30,EST_F1,EST,1352.0,1321.2,21
2024-01-31,EST_F1,EST,1349.4,1317.1,21
2024-02-01,EST_F1,EST,1363.6,1324.5,21
2024-02-02,EST_F1,EST,1409.7,1342.8,21
2024-02-03,EST_F1,EST,986.6,931.1,21
2024-02-04,EST_F1,EST,961.3,928.1,21
2024-02-05,EST_F1,EST,1421.5,1352.2,21
2024-02-06,EST_F1,EST,1373.9,1331.1,21
2024-02-07,EST_F1,EST,1367.9,1329.8,21
2024-02-08,EST_F1,EST,1374.4,1306.3,21
2024-02-09,EST_F1,EST,1386.1,1307.9,21
2024-02-10,EST_F1,EST,998.2,958.7,21
2024-02-11,EST_F1,EST,983.6,941.4,21
2024-02-12,EST_F1,EST,1424.1,1370.2,21
2024-02-13,EST_F1,EST,1334.2,1301.1,21
2024-02-14,EST_F1,EST,1355.2,1309.7,21
2024-02-15,EST_F1,EST,1395.5,1360.4,21
2024-02-16,EST_F1,EST,1379.6,1320.0,21
2024-02-17,EST_F1,EST,985.2,938.8,21
2024-02-18,EST_F1,EST,968.4,937.5,21
2024-02-19,EST_F1,EST,1421.5,1347.7,21
2024-02-20,EST_F1,EST,1402.8,1356.9,21
2024-02-21,EST_F1,EST,1419.5,1366.7,21
2024-02-22,EST_F1,EST,1407.7,1330.9,21
2024-02-23,EST_F1,EST,1380.5,1333.1,21
2024-02-24,EST_F1,EST,986.7,965.0,21
2024-02-25,EST_F1,EST,970.1,940.5,21
2024-02-26,EST_F1,EST,1408.3,1335.0,21
2024-02-27,EST_F1,EST,1401.6,1364.4,21
2024-02-28,EST_F1,EST,1351.1,1316.6,21
2024-02-29,EST_F1,EST,1402.8,1327.1,21
2024-03-01,EST_F1,EST,1380.0,1345.5,21
2024-03-02,EST_F1,EST,963.9,937.7,21
2024-03-03,EST_F1,EST,973.9,938.3,21
2024-03-04,EST_F1,EST,1336.9,1287.2,21
2024-03-05,EST_F1,EST,1399.5,1343.8,21
2024-03-06,EST_F1,EST,1390.2,1358.0,21
2024-03-07,EST_F1,EST,1366.1,1328.4,21
2024-03-08,EST_F1,EST,1348.5,1288.7,21
2024-03-09,EST_F1,EST,977.6,943.4,21
2024-03-10,EST_F1,EST,995.5,947.0,21
2024-03-11,EST_F1,EST,1375.5,1303.6,21
2024-03-12,EST_F1,EST,1389.6,1311.9,21
2024-03-13,EST_F1,EST,1384.0,1344.1,21
2024-03-14,EST_F1,EST,1371.2,1305.1,21
2024-03-15,EST_F1,EST,1349.8,1316.8,21
2024-03-16,EST_F1,EST,974.2,942.7,21
2024-03-17,EST_F1,EST,967.6,930.8,21
2024-03-18,EST_F1,EST,1390.3,1343.4,21
2024-03-19,EST_F1,EST,1363.5,1307.8,21
2024-03-20,EST_F1,EST,1390.8,1338.2,21
2024-03-21,EST_F1,EST,1390.3,1344.1,21
2024-03-22,EST_F1,EST,1366.8,1322.4,21
2024-03-23,EST_F1,EST,984.2,944.5,21
2024-03-24,EST_F1,EST,991.4,956.1,21
2024-03-25,EST_F1,EST,1385.6,1319.5,21
2024-03-26,EST_F1,EST,1324.2,1297.9,21
2024-03-27,EST_F1,EST,1411.4,1341.8,21
2024-03-28,EST_F1,EST,1369.3,1335.7,21
2024-03-29,EST_F1,EST,1359.8,1324.7,21
2024-03-30,EST_F1,EST,1001.3,947.0,21
2024-01-01,EST_F2,EST,1074.4,1041.0,21
2024-01-02,EST_F2,EST,1096.1,1048.8,21
2024-01-03,EST_F2,EST,1106.5,1054.6,21
2024-01-04,EST_F2,EST,1119.2,1069.0,21
2024-01-05,EST_F2,EST,1086.0,1058.5,21
2024-01-06,EST_F2,EST,766.7,729.9,21
2024-01-07,EST_F2,EST,783.5,750.4,21
2024-01-08,EST_F2,EST,1110.9,1073.7,21
2024-01-09,EST_F2,EST,1076.8,1053.7,21
2024-01-10,EST_F2,EST,1082.4,1040.0,21
2024-01-11,EST_F2,EST,1070.0,1016.3,21
2024-01-12,EST_F2,EST,1091.9,1064.2,21
2024-01-13,EST_F2,EST,766.7,727.9,21
2024-01-14,EST_F2,EST,739.6,708.3,21
2024-01-15,EST_F2,EST,1050.7,1021.9,21
2024-01-16,EST_F2,EST,1013.4,957.7,21
2024-01-17,EST_F2,EST,1089.8,1068.5,21
2024-01-18,EST_F2,EST,1102.5,1047.1,21
2024-01-19,EST_F2,EST,1038.3,1001.8,21
2024-01-20,EST_F2,EST,779.0,734.8,21
2024-01-21,EST_F2,EST,769.7,741.8,21
2024-01-22,EST_F2,EST,1058.7,1024.1,21
2024-01-23,EST_F2,EST,1081.6,1035.8,21
2024-01-24,EST_F2,EST,1017.9,988.1,21
2024-01-25,EST_F2,EST,1106.9,1043.5,21
2024-01-26,EST_F2,EST,1096.9,1047.0,21
2024-01-27,EST_F2,EST,769.3,734.9,21
2024-01-28,EST_F2,EST,756.8,721.1,21
2024-01-29,EST_F2,EST,1121.1,1069.9,21
2024-01-30,EST_F2,EST,1093.7,1047.0,21
2024-01-31,EST_F2,EST,1063.9,1031.7,21
2024-02-01,EST_F2,EST,1004.2,968.1,21
2024-02-02,EST_F2,EST,1089.7,1043.7,21
2024-02-03,EST_F2,EST,796.1,762.9,21
2024-02-04,EST_F2,EST,728.5,700.6,21
2024-02-05,EST_F2,EST,1089.6,1043.6,21
2024-02-06,EST_F2,EST,1075.6,1045.8,21
2024-02-07,EST_F2,EST,1083.3,1061.2,21
2024-02-08,EST_F2,EST,1044.6,989.4,21
2024-02-09,EST_F2,EST,1039.8,1005.8,21
2024-02-10,EST_F2,EST,760.5,736.3,21
2024-02-11,EST_F2,EST,756.2,734.9,21
2024-02-12,EST_F2,EST,1059.3,1019.8,21
2024-02-13,EST_F2,EST,1076.6,1042.7,21
2024-02-14,EST_F2,EST,1079.6,1053.7,21
2024-02-15,EST_F2,EST,1100.3,1066.3,21
2024-02-16,EST_F2,EST,1081.6,1032.1,21
2024-02-17,EST_F2,EST,696.4,680.3,21
2024-02-18,EST_F2,EST,775.9,744.8,21
2024-02-19,EST_F2,EST,1104.4,1077.7,21
2024-02-20,EST_F2,EST,1107.9,1065.6,21
2024-02-21,EST_F2,EST,1067.3,1033.7,21
2024-02-22,EST_F2,EST,1008.8,971.4,21
2024-02-23,EST_F2,EST,1140.5,1076.8,21
2024-02-24,EST_F2,EST,720.0,704.9,21
2024-02-25,EST_F2,EST,781.9,756.9,21
2024-02-26,EST_F2,EST,1113.6,1058.1,21
2024-02-27,EST_F2,EST,1041.5,990.1,21
2024-02-28,EST_F2,EST,1134.2,1093.8,21
2024-02-29,EST_F2,EST,1142.5,1099.1,21
2024-03-01,EST_F2,EST,1045.8,989.9,21
2024-03-02,EST_F2,EST,789.4,760.9,21
2024-03-03,EST_F2,EST,762.8,744.0,21
2024-03-04,EST_F2,EST,1111.8,1079.7,21
2024-03-05,EST_F2,EST,1130.4,1076.1,21
2024-03-06,EST_F2,EST,1042.9,993.8,21
2024-03-07,EST_F2,EST,1064.7,1025.0,21
2024-03-08,EST_F2,EST,1086.1,1049.1,21
2024-03-09,EST_F2,EST,781.5,751.3,21
2024-03-10,EST_F2,EST,777.2,751.7,21
2024-03-11,EST_F2,EST,1029.2,984.4,21
2024-03-12,EST_F2,EST,1004.6,975.9,21
2024-03-13,EST_F2,EST,1063.6,1033.3,21
2024-03-14,EST_F2,EST,973.8,944.9,21
2024-03-15,EST_F2,EST,1124.4,1060.3,21
2024-03-16,EST_F2,EST,766.8,729.2,21
2024-03-17,EST_F2,EST,771.1,733.8,21
2024-03-18,EST_F2,EST,999.3,980.5,21
2024-03-19,EST_F2,EST,1047.6,1020.5,21
2024-03-20,EST_F2,EST,1023.7,996.8,21
2024-03-21,EST_F2,EST,1072.5,1029.7,21
2024-03-22,EST_F2,EST,1075.4,1033.8,21
2024-03-23,EST_F2,EST,792.9,763.9,21
2024-03-24,EST_F2,EST,799.9,767.6,21
2024-03-25,EST_F2,EST,1099.5,1058.8,21
2024-03-26,EST_F2,EST,1050.1,1018.7,21
2024-03-27,EST_F2,EST,1035.3,1007.4,21
2024-03-28,EST_F2,EST,1078.4,1044.4,21
2024-03-29,EST_F2,EST,1022.4,972.6,21
2024-03-30,EST_F2,EST,786.3,743.9,21
2024-01-01,EST_F3,EST,1049.0,1005.1,20
2024-01-02,EST_F3,EST,1037.8,986.7,20
2024-01-03,EST_F3,EST,1031.2,993.4,20
2024-01-04,EST_F3,EST,1079.6,1021.9,20
2024-01-05,EST_F3,EST,1057.8,1020.9,20
2024-01-06,EST_F3,EST,709.0,677.5,20
2024-01-07,EST_F3,EST,679.0,653.9,20
2024-01-08,EST_F3,EST,1048.9,998.5,20
2024-01-09,EST_F3,EST,1045.4,1007.4,20
2024-01-10,EST_F3,EST,1064.0,1028.1,20
2024-01-11,EST_F3,EST,1123.5,1075.1,20
2024-01-12,EST_F3,EST,1021.7,1002.4,20
2024-01-13,EST_F3,EST,673.8,640.4,20
2024-01-14,EST_F3,EST,661.4,640.2,20
2024-01-15,EST_F3,EST,1006.3,954.1,20
2024-01-16,EST_F3,EST,1105.8,1042.4,20
2024-01-17,EST_F3,EST,1034.8,1004.6,20
2024-01-18,EST_F3,EST,1064.5,1011.7,20
2024-01-19,EST_F3,EST,1040.8,1011.8,20
2024-01-20,EST_F3,EST,665.4,629.6,20
2024-01-21,EST_F3,EST,705.8,667.8,20
2024-01-22,EST_F3,EST,1093.5,1036.9,20
2024-01-23,EST_F3,EST,1075.7,1048.0,20
2024-01-24,EST_F3,EST,1044.0,1007.7,20
2024-01-25,EST_F3,EST,1046.1,1007.3,20
2024-01-26,EST_F3,EST,1055.6,1003.2,20
2024-01-27,EST_F3,EST,696.0,677.9,20
2024-01-28,EST_F3,EST,716.8,699.8,20
2024-01-29,EST_F3,EST,1036.5,1007.2,20
2024-01-30,EST_F3,EST,1081.9,1029.9,20
2024-01-31,EST_F3,EST,1047.7,1006.2,20
2024-02-01,EST_F3,EST,1081.3,1045.9,20
2024-02-02,EST_F3,EST,1069.7,1016.7,20
2024-02-03,EST_F3,EST,680.6,664.3,20
2024-02-04,EST_F3,EST,714.3,678.1,20
2024-02-05,EST_F3,EST,1052.3,1016.1,20
2024-02-06,EST_F3,EST,1025.7,994.3,20
2024-02-07,EST_F3,EST,1116.8,1055.3,20
2024-02-08,EST_F3,EST,1086.0,1030.8,20
2024-02-09,EST_F3,EST,1096.4,1036.2,20
2024-02-10,EST_F3,EST,707.2,667.3,20
2024-02-11,EST_F3,EST,663.3,648.0,20
2024-02-12,EST_F3,EST,1099.2,1048.8,20
2024-02-13,EST_F3,EST,1052.4,1021.0,20
2024-02-14,EST_F3,EST,1055.3,995.6,20
2024-02-15,EST_F3,EST,945.1,922.6,20
2024-02-16,EST_F3,EST,1035.4,1001.2,20
2024-02-17,EST_F3,EST,679.3,655.9,20
2024-02-18,EST_F3,EST,680.9,658.1,20
2024-02-19,EST_F3,EST,1073.7,1034.5,20
2024-02-20,EST_F3,EST,1066.8,1018.2,20
2024-02-21,EST_F3,EST,1101.9,1070.0,20
2024-02-22,EST_F3,EST,1056.5,1033.0,20
2024-02-23,EST_F3,EST,1057.2,1001.2,20
2024-02-24,EST_F3,EST,688.9,660.9,20
2024-02-25,EST_F3,EST,695.9,679.0,20
2024-02-26,EST_F3,EST,1025.8,980.4,20
2024-02-27,EST_F3,EST,1090.1,1054.6,20
2024-02-28,EST_F3,EST,1058.0,1037.6,20
2024-02-29,EST_F3,EST,1023.5,984.9,20
2024-03-01,EST_F3,EST,1083.1,1050.9,20
2024-03-02,EST_F3,EST,705.7,682.6,20
2024-03-03,EST_F3,EST,695.7,667.5,20
2024-03-04,EST_F3,EST,1089.8,1028.0,20
2024-03-05,EST_F3,EST,1022.5,969.2,20
2024-03-06,EST_F3,EST,1074.1,1015.6,20
2024-03-07,EST_F3,EST,1035.5,1004.7,20
2024-03-08,EST_F3,EST,1029.5,973.2,20
2024-03-09,EST_F3,EST,707.5,670.5,20
2024-03-10,EST_F3,EST,719.7,685.1,20
2024-03-11,EST_F3,EST,1014.3,992.4,20
2024-03-12,EST_F3,EST,1052.9,1029.7,20
2024-03-13,EST_F3,EST,981.2,940.3,20
2024-03-14,EST_F3,EST,1016.8,970.2,20
2024-03-15,EST_F3,EST,1024.0,983.7,20
2024-03-16,EST_F3,EST,665.3,645.8,20
2024-03-17,EST_F3,EST,685.2,670.5,20
2024-03-18,EST_F3,EST,1088.4,1027.1,20
2024-03-19,EST_F3,EST,981.3,948.8,20
2024-03-20,EST_F3,EST,1145.9,1086.0,20
2024-03-21,EST_F3,EST,1079.3,1037.9,20
2024-03-22,EST_F3,EST,1034.9,1013.8,20
2024-03-23,EST_F3,EST,668.7,639.4,20
2024-03-24,EST_F3,EST,684.2,668.0,20
2024-03-25,EST_F3,EST,1039.3,996.3,20
2024-03-26,EST_F3,EST,1067.1,1023.7,20
2024-03-27,EST_F3,EST,1023.4,989.9,20
2024-03-28,EST_F3,EST,1088.1,1050.2,20
2024-03-29,EST_F3,EST,1004.6,984.7,20
2024-03-30,EST_F3,EST,696.5,657.2,20
2024-01-01,OUEST_F1,OUEST,552.1,534.3,18
2024-01-02,OUEST_F1,OUEST,595.6,563.7,18
2024-01-03,OUEST_F1,OUEST,609.1,579.8,18
2024-01-04,OUEST_F1,OUEST,583.8,561.1,18
2024-01-05,OUEST_F1,OUEST,571.9,555.9,18
2024-01-06,OUEST_F1,OUEST,462.8,440.3,18
2024-01-07,OUEST_F1,OUEST,466.1,443.7,18
2024-01-08,OUEST_F1,OUEST,550.2,526.2,18
2024-01-09,OUEST_F1,OUEST,568.6,555.0,18
2024-01-10,OUEST_F1,OUEST,568.5,552.3,18
2024-01-11,OUEST_F1,OUEST,587.8,567.4,18
2024-01-12,OUEST_F1,OUEST,557.9,545.5,18
2024-01-13,OUEST_F1,OUEST,442.8,428.7,18
2024-01-14,OUEST_F1,OUEST,470.6,446.7,18
2024-01-15,OUEST_F1,OUEST,555.3,535.1,18
2024-01-16,OUEST_F1,OUEST,587.2,566.4,18
2024-01-17,OUEST_F1,OUEST,601.4,570.9,18
2024-01-18,OUEST_F1,OUEST,581.6,559.8,18
2024-01-19,OUEST_F1,OUEST,561.5,542.3,18
2024-01-20,OUEST_F1,OUEST,430.4,420.4,18
2024-01-21,OUEST_F1,OUEST,449.9,426.8,18
2024-01-22,OUEST_F1,OUEST,573.7,552.8,18
2024-01-23,OUEST_F1,OUEST,590.7,568.3,18
2024-01-24,OUEST_F1,OUEST,608.1,578.7,18
2024-01-25,OUEST_F1,OUEST,562.4,540.2,18
2024-01-26,OUEST_F1,OUEST,563.4,534.1,18
2024-01-27,OUEST_F1,OUEST,445.9,425.5,18
2024-01-28,OUEST_F1,OUEST,450.3,432.2,18
2024-01-29,OUEST_F1,OUEST,591.5,568.8,18
2024-01-30,OUEST_F1,OUEST,580.5,550.8,18
2024-01-31,OUEST_F1,OUEST,576.1,543.8,18
2024-02-01,OUEST_F1,OUEST,602.2,567.8,18
2024-02-02,OUEST_F1,OUEST,603.5,577.9,18
2024-02-03,OUEST_F1,OUEST,457.6,436.7,18
2024-02-04,OUEST_F1,OUEST,454.1,438.9,18
2024-02-05,OUEST_F1,OUEST,585.4,561.4,18
2024-02-06,OUEST_F1,OUEST,568.2,554.8,18
2024-02-07,OUEST_F1,OUEST,583.6,553.1,18
2024-02-08,OUEST_F1,OUEST,586.9,560.7,18
2024-02-09,OUEST_F1,OUEST,572.4,554.8,18
2024-02-10,OUEST_F1,OUEST,454.4,436.8,18
2024-02-11,OUEST_F1,OUEST,443.6,426.8,18
2024-02-12,OUEST_F1,OUEST,533.4,521.3,18
2024-02-13,OUEST_F1,OUEST,574.2,548.4,18
2024-02-14,OUEST_F1,OUEST,595.2,570.5,18
2024-02-15,OUEST_F1,OUEST,567.4,556.4,18
2024-02-16,OUEST_F1,OUEST,594.3,573.4,18
2024-02-17,OUEST_F1,OUEST,445.5,429.4,18
2024-02-18,OUEST_F1,OUEST,463.7,451.9,18
2024-02-19,OUEST_F1,OUEST,584.0,552.8,18
2024-02-20,OUEST_F1,OUEST,584.8,573.2,18
2024-02-21,OUEST_F1,OUEST,539.7,528.8,18
2024-02-22,OUEST_F1,OUEST,573.7,545.0,18
2024-02-23,OUEST_F1,OUEST,564.2,549.5,18
2024-02-24,OUEST_F1,OUEST,458.4,436.6,18
2024-02-25,OUEST_F1,OUEST,436.0,427.8,18
2024-02-26,OUEST_F1,OUEST,559.8,542.2,18
2024-02-27,OUEST_F1,OUEST,580.5,560.2,18
2024-02-28,OUEST_F1,OUEST,576.9,548.2,18
2024-02-29,OUEST_F1,OUEST,582.7,558.2,18
2024-03-01,OUEST_F1,OUEST,600.6,575.8,18
2024-03-02,OUEST_F1,OUEST,456.3,443.8,18
2024-03-03,OUEST_F1,OUEST,449.8,433.4,18
2024-03-04,OUEST_F1,OUEST,577.2,546.9,18
2024-03-05,OUEST_F1,OUEST,594.7,560.7,18
2024-03-06,OUEST_F1,OUEST,544.8,530.6,18
2024-03-07,OUEST_F1,OUEST,554.2,537.4,18
2024-03-08,OUEST_F1,OUEST,582.9,564.8,18
2024-03-09,OUEST_F1,OUEST,449.1,432.4,18
2024-03-10,OUEST_F1,OUEST,444.8,434.4,18
2024-03-11,OUEST_F1,OUEST,556.0,541.2,18
2024-03-12,OUEST_F1,OUEST,566.7,551.2,18
2024-03-13,OUEST_F1,OUEST,568.8,550.6,18
2024-03-14,OUEST_F1,OUEST,588.4,556.7,18
2024-03-15,OUEST_F1,OUEST,573.9,559.7,18
2024-03-16,OUEST_F1,OUEST,462.7,450.3,18
2024-03-17,OUEST_F1,OUEST,462.2,436.1,18
2024-03-18,OUEST_F1,OUEST,585.1,566.5,18
2024-03-19,OUEST_F1,OUEST,601.1,572.6,18
2024-03-20,OUEST_F1,OUEST,599.7,575.6,18
2024-03-21,OUEST_F1,OUEST,603.4,579.5,18
2024-03-22,OUEST_F1,OUEST,602.2,567.9,18
2024-03-23,OUEST_F1,OUEST,460.0,447.8,18
2024-03-24,OUEST_F1,OUEST,473.1,449.2,18
2024-03-25,OUEST_F1,OUEST,569.5,548.6,18
2024-03-26,OUEST_F1,OUEST,577.4,545.2,18
2024-03-27,OUEST_F1,OUEST,561.3,542.7,18
2024-03-28,OUEST_F1,OUEST,567.6,547.7,18
2024-03-29,OUEST_F1,OUEST,583.0,552.4,18
2024-03-30,OUEST_F1,OUEST,439.8,431.4,18
2024-01-01,OUEST_F2,OUEST,778.9,747.6,18
2024-01-02,OUEST_F2,OUEST,788.3,757.8,18
2024-01-03,OUEST_F2,OUEST,798.2,760.9,18
2024-01-04,OUEST_F2,OUEST,786.3,766.6,18
2024-01-05,OUEST_F2,OUEST,800.2,759.0,18
2024-01-06,OUEST_F2,OUEST,536.3,518.7,18
2024-01-07,OUEST_F2,OUEST,566.8,552.9,18
2024-01-08,OUEST_F2,OUEST,769.1,747.4,18
2024-01-09,OUEST_F2,OUEST,781.1,758.8,18
2024-01-10,OUEST_F2,OUEST,821.4,784.0,18
2024-01-11,OUEST_F2,OUEST,786.0,747.8,18
2024-01-12,OUEST_F2,OUEST,749.2,725.3,18
2024-01-13,OUEST_F2,OUEST,578.9,549.1,18
2024-01-14,OUEST_F2,OUEST,541.9,519.6,18
2024-01-15,OUEST_F2,OUEST,784.4,744.2,18
2024-01-16,OUEST_F2,OUEST,780.9,761.8,18
2024-01-17,OUEST_F2,OUEST,821.2,788.7,18
2024-01-18,OUEST_F2,OUEST,772.4,746.2,18
2024-01-19,OUEST_F2,OUEST,782.6,760.4,18
2024-01-20,OUEST_F2,OUEST,546.3,524.6,18
2024-01-21,OUEST_F2,OUEST,552.4,525.0,18
2024-01-22,OUEST_F2,OUEST,790.9,761.0,18
2024-01-23,OUEST_F2,OUEST,801.6,760.3,18
2024-01-24,OUEST_F2,OUEST,746.8,731.0,18
2024-01-25,OUEST_F2,OUEST,774.1,743.1,18
2024-01-26,OUEST_F2,OUEST,743.4,728.9,18
2024-01-27,OUEST_F2,OUEST,553.4,530.4,18
2024-01-28,OUEST_F2,OUEST,555.7,534.7,18
2024-01-29,OUEST_F2,OUEST,795.5,776.7,18
2024-01-30,OUEST_F2,OUEST,802.4,776.3,18
2024-01-31,OUEST_F2,OUEST,760.6,741.9,18
2024-02-01,OUEST_F2,OUEST,793.4,756.6,18
2024-02-02,OUEST_F2,OUEST,748.6,733.2,18
2024-02-03,OUEST_F2,OUEST,544.6,523.2,18
2024-02-04,OUEST_F2,OUEST,568.1,550.2,18
2024-02-05,OUEST_F2,OUEST,802.7,761.5,18
2024-02-06,OUEST_F2,OUEST,770.2,749.0,18
2024-02-07,OUEST_F2,OUEST,813.0,772.4,18
2024-02-08,OUEST_F2,OUEST,822.5,788.0,18
2024-02-09,OUEST_F2,OUEST,780.4,747.0,18
2024-02-10,OUEST_F2,OUEST,542.1,511.2,18
2024-02-11,OUEST_F2,OUEST,527.7,516.2,18
2024-02-12,OUEST_F2,OUEST,786.6,768.8,18
2024-02-13,OUEST_F2,OUEST,741.4,705.6,18
2024-02-14,OUEST_F2,OUEST,808.7,769.2,18
2024-02-15,OUEST_F2,OUEST,763.9,737.6,18
2024-02-16,OUEST_F2,OUEST,804.4,764.2,18
2024-02-17,OUEST_F2,OUEST,558.6,544.2,18
2024-02-18,OUEST_F2,OUEST,524.7,511.1,18
2024-02-19,OUEST_F2,OUEST,755.2,713.6,18
2024-02-20,OUEST_F2,OUEST,768.5,743.2,18
2024-02-21,OUEST_F2,OUEST,756.7,740.3,18
2024-02-22,OUEST_F2,OUEST,766.2,744.6,18
2024-02-23,OUEST_F2,OUEST,795.3,760.5,18
2024-02-24,OUEST_F2,OUEST,533.4,516.6,18
2024-02-25,OUEST_F2,OUEST,544.0,526.2,18
2024-02-26,OUEST_F2,OUEST,768.9,735.9,18
2024-02-27,OUEST_F2,OUEST,755.3,739.7,18
2024-02-28,OUEST_F2,OUEST,803.9,767.6,18
2024-02-29,OUEST_F2,OUEST,843.3,808.5,18
2024-03-01,OUEST_F2,OUEST,800.8,761.1,18
2024-03-02,OUEST_F2,OUEST,547.2,536.7,18
2024-03-03,OUEST_F2,OUEST,505.0,492.9,18
2024-03-04,OUEST_F2,OUEST,772.5,751.9,18
2024-03-05,OUEST_F2,OUEST,817.3,772.7,18
2024-03-06,OUEST_F2,OUEST,767.8,748.6,18
2024-03-07,OUEST_F2,OUEST,760.2,725.3,18
2024-03-08,OUEST_F2,OUEST,770.0,740.8,18
2024-03-09,OUEST_F2,OUEST,540.3,522.6,18
2024-03-10,OUEST_F2,OUEST,542.9,530.1,18
2024-03-11,OUEST_F2,OUEST,767.3,739.4,18
2024-03-12,OUEST_F2,OUEST,808.0,789.2,18
2024-03-13,OUEST_F2,OUEST,806.5,760.4,18
2024-03-14,OUEST_F2,OUEST,787.2,764.9,18
2024-03-15,OUEST_F2,OUEST,766.9,751.3,18
2024-03-16,OUEST_F2,OUEST,554.6,537.7,18
2024-03-17,OUEST_F2,OUEST,535.1,508.8,18
2024-03-18,OUEST_F2,OUEST,796.7,758.1,18
2024-03-19,OUEST_F2,OUEST,756.8,718.2,18
2024-03-20,OUEST_F2,OUEST,760.5,739.9,18
2024-03-21,OUEST_F2,OUEST,780.0,753.3,18
2024-03-22,OUEST_F2,OUEST,814.1,783.1,18
2024-03-23,OUEST_F2,OUEST,541.7,523.8,18
2024-03-24,OUEST_F2,OUEST,556.0,528.4,18
2024-03-25,OUEST_F2,OUEST,794.2,759.5,18
2024-03-26,OUEST_F2,OUEST,788.8,757.8,18
2024-03-27,OUEST_F2,OUEST,793.6,773.6,18
2024-03-28,OUEST_F2,OUEST,777.8,759.4,18
2024-03-29,OUEST_F2,OUEST,787.9,765.3,18
2024-03-30,OUEST_F2,OUEST,526.6,515.5,18
2024-01-01,OUEST_F3,OUEST,891.1,840.8,18
2024-01-02,OUEST_F3,OUEST,864.1,845.3,18
2024-01-03,OUEST_F3,OUEST,847.0,813.3,18
2024-01-04,OUEST_F3,OUEST,891.8,851.8,18
2024-01-05,OUEST_F3,OUEST,922.3,877.8,18
2024-01-06,OUEST_F3,OUEST,560.1,547.1,18
2024-01-07,OUEST_F3,OUEST,581.2,567.4,18
2024-01-08,OUEST_F3,OUEST,851.6,803.2,18
2024-01-09,OUEST_F3,OUEST,890.6,854.8,18
2024-01-10,OUEST_F3,OUEST,848.6,803.0,18
2024-01-11,OUEST_F3,OUEST,633.1,841.0,18
2024-01-12,OUEST_F3,OUEST,906.8,868.9,18
2024-01-13,OUEST_F3,OUEST,587.3,575.4,18
2024-01-14,OUEST_F3,OUEST,564.7,545.5,18
2024-01-15,OUEST_F3,OUEST,878.1,847.0,18
2024-01-16,OUEST_F3,OUEST,875.0,846.9,18
2024-01-17,OUEST_F3,OUEST,926.9,894.9,18
2024-01-18,OUEST_F3,OUEST,839.8,813.8,18
2024-01-19,OUEST_F3,OUEST,922.8,891.1,18
2024-01-20,OUEST_F3,OUEST,438.4,589.4,18
2024-01-21,OUEST_F3,OUEST,588.4,571.8,18
2024-01-22,OUEST_F3,OUEST,882.9,861.6,18
2024-01-23,OUEST_F3,OUEST,878.2,861.2,18
2024-01-24,OUEST_F3,OUEST,891.2,848.7,18
2024-01-25,OUEST_F3,OUEST,861.9,825.5,18
2024-01-26,OUEST_F3,OUEST,909.3,875.6,18
2024-01-27,OUEST_F3,OUEST,596.1,562.2,18
2024-01-28,OUEST_F3,OUEST,573.7,557.5,18
2024-01-29,OUEST_F3,OUEST,876.0,847.7,18
2024-01-30,OUEST_F3,OUEST,871.5,838.1,18
2024-01-31,OUEST_F3,OUEST,887.5,846.5,18
2024-02-01,OUEST_F3,OUEST,899.8,869.6,18
2024-02-02,OUEST_F3,OUEST,882.7,854.2,18
2024-02-03,OUEST_F3,OUEST,590.3,559.8,18
2024-02-04,OUEST_F3,OUEST,545.6,532.7,18
2024-02-05,OUEST_F3,OUEST,916.8,873.1,18
2024-02-06,OUEST_F3,OUEST,819.3,791.4,18
2024-02-07,OUEST_F3,OUEST,865.6,833.5,18
2024-02-08,OUEST_F3,OUEST,848.2,820.6,18
2024-02-09,OUEST_F3,OUEST,591.4,806.3,18
2024-02-10,OUEST_F3,OUEST,563.9,549.9,18
2024-02-11,OUEST_F3,OUEST,581.5,568.5,18
2024-02-12,OUEST_F3,OUEST,888.6,847.9,18
2024-02-13,OUEST_F3,OUEST,904.2,855.9,18
2024-02-14,OUEST_F3,OUEST,912.4,884.3,18
2024-02-15,OUEST_F3,OUEST,902.1,866.2,18
2024-02-16,OUEST_F3,OUEST,885.2,858.2,18
2024-02-17,OUEST_F3,OUEST,602.4,580.1,18
2024-02-18,OUEST_F3,OUEST,569.9,557.4,18
2024-02-19,OUEST_F3,OUEST,892.2,871.4,18
2024-02-20,OUEST_F3,OUEST,948.6,910.6,18
2024-02-21,OUEST_F3,OUEST,907.0,883.2,18
2024-02-22,OUEST_F3,OUEST,851.5,827.2,18
2024-02-23,OUEST_F3,OUEST,852.1,827.3,18
2024-02-24,OUEST_F3,OUEST,563.9,535.0,18
2024-02-25,OUEST_F3,OUEST,546.6,531.6,18
2024-02-26,OUEST_F3,OUEST,938.7,886.0,18
2024-02-27,OUEST_F3,OUEST,915.6,890.4,18
2024-02-28,OUEST_F3,OUEST,839.3,822.5,18
2024-02-29,OUEST_F3,OUEST,844.4,815.2,18
2024-03-01,OUEST_F3,OUEST,880.9,837.8,18
2024-03-02,OUEST_F3,OUEST,576.0,564.5,18
2024-03-03,OUEST_F3,OUEST,599.2,567.7,18
2024-03-04,OUEST_F3,OUEST,895.8,863.0,18
2024-03-05,OUEST_F3,OUEST,865.0,837.4,18
2024-03-06,OUEST_F3,OUEST,893.3,855.7,18
2024-03-07,OUEST_F3,OUEST,731.6,892.9,18
2024-03-08,OUEST_F3,OUEST,909.1,859.3,18
2024-03-09,OUEST_F3,OUEST,586.8,565.2,18
2024-03-10,OUEST_F3,OUEST,610.1,581.4,18
2024-03-11,OUEST_F3,OUEST,882.3,837.6,18
2024-03-12,OUEST_F3,OUEST,823.5,805.4,18
2024-03-13,OUEST_F3,OUEST,882.0,864.3,18
2024-03-14,OUEST_F3,OUEST,876.0,835.4,18
2024-03-15,OUEST_F3,OUEST,873.2,831.9,18
2024-03-16,OUEST_F3,OUEST,426.7,573.7,18
2024-03-17,OUEST_F3,OUEST,580.3,558.5,18
2024-03-18,OUEST_F3,OUEST,926.7,891.0,18
2024-03-19,OUEST_F3,OUEST,893.4,853.9,18
2024-03-20,OUEST_F3,OUEST,823.0,801.6,18
2024-03-21,OUEST_F3,OUEST,701.1,842.1,18
2024-03-22,OUEST_F3,OUEST,888.5,860.2,18
2024-03-23,OUEST_F3,OUEST,579.8,560.1,18
2024-03-24,OUEST_F3,OUEST,573.0,543.7,18
2024-03-25,OUEST_F3,OUEST,859.8,842.6,18
2024-03-26,OUEST_F3,OUEST,889.6,843.7,18
2024-03-27,OUEST_F3,OUEST,858.9,842.5,18
2024-03-28,OUEST_F3,OUEST,864.8,820.4,18
2024-03-29,OUEST_F3,OUEST,897.4,854.4,18
2024-03-30,OUEST_F3,OUEST,472.5,555.6,18
2024-01-01,CENTRE_F1,CENTRE,1260.6,1192.5,20
2024-01-02,CENTRE_F1,CENTRE,1274.4,1245.6,20
2024-01-03,CENTRE_F1,CENTRE,1269.3,1228.0,20
2024-01-04,CENTRE_F1,CENTRE,1199.0,1170.0,20
2024-01-05,CENTRE_F1,CENTRE,1296.3,1235.0,20
2024-01-06,CENTRE_F1,CENTRE,766.9,727.1,20
2024-01-07,CENTRE_F1,CENTRE,765.5,742.8,20
2024-01-08,CENTRE_F1,CENTRE,1314.8,1247.0,20
2024-01-09,CENTRE_F1,CENTRE,1284.0,1237.4,20
2024-01-10,CENTRE_F1,CENTRE,1329.1,1265.2,20
2024-01-11,CENTRE_F1,CENTRE,1250.3,1190.7,20
2024-01-12,CENTRE_F1,CENTRE,1219.9,1189.2,20
2024-01-13,CENTRE_F1,CENTRE,770.3,726.2,20
2024-01-14,CENTRE_F1,CENTRE,733.6,705.4,20
2024-01-15,CENTRE_F1,CENTRE,1310.6,1239.8,20
2024-01-16,CENTRE_F1,CENTRE,1220.5,1194.8,20
2024-01-17,CENTRE_F1,CENTRE,1277.0,1228.8,20
2024-01-18,CENTRE_F1,CENTRE,1265.5,1218.6,20
2024-01-19,CENTRE_F1,CENTRE,1214.1,1175.6,20
2024-01-20,CENTRE_F1,CENTRE,800.1,765.3,20
2024-01-21,CENTRE_F1,CENTRE,782.8,765.5,20
2024-01-22,CENTRE_F1,CENTRE,1235.0,1200.8,20
2024-01-23,CENTRE_F1,CENTRE,1269.7,1221.7,20
2024-01-24,CENTRE_F1,CENTRE,1231.8,1199.5,20
2024-01-25,CENTRE_F1,CENTRE,1287.2,1221.5,20
2024-01-26,CENTRE_F1,CENTRE,1282.4,1251.2,20
2024-01-27,CENTRE_F1,CENTRE,784.3,751.9,20
2024-01-28,CENTRE_F1,CENTRE,765.9,737.9,20
2024-01-29,CENTRE_F1,CENTRE,1305.3,1261.8,20
2024-01-30,CENTRE_F1,CENTRE,1280.6,1228.7,20
2024-01-31,CENTRE_F1,CENTRE,1303.2,1228.8,20
2024-02-01,CENTRE_F1,CENTRE,1316.2,1245.6,20
2024-02-02,CENTRE_F1,CENTRE,1318.5,1245.7,20
2024-02-03,CENTRE_F1,CENTRE,764.5,746.7,20
2024-02-04,CENTRE_F1,CENTRE,765.9,722.4,20
2024-02-05,CENTRE_F1,CENTRE,1242.3,1216.6,20
2024-02-06,CENTRE_F1,CENTRE,1259.3,1209.3,20
2024-02-07,CENTRE_F1,CENTRE,1293.6,1226.5,20
2024-02-08,CENTRE_F1,CENTRE,1297.4,1231.1,20
2024-02-09,CENTRE_F1,CENTRE,1245.6,1205.6,20
2024-02-10,CENTRE_F1,CENTRE,774.3,754.1,20
2024-02-11,CENTRE_F1,CENTRE,778.2,749.1,20
2024-02-12,CENTRE_F1,CENTRE,1246.1,1215.3,20
2024-02-13,CENTRE_F1,CENTRE,1301.1,1227.5,20
2024-02-14,CENTRE_F1,CENTRE,1287.7,1252.6,20
2024-02-15,CENTRE_F1,CENTRE,1256.8,1227.9,20
2024-02-16,CENTRE_F1,CENTRE,1331.6,1268.2,20
2024-02-17,CENTRE_F1,CENTRE,778.6,751.2,20
2024-02-18,CENTRE_F1,CENTRE,745.4,729.0,20
2024-02-19,CENTRE_F1,CENTRE,1253.4,1194.1,20
2024-02-20,CENTRE_F1,CENTRE,1285.8,1226.0,20
2024-02-21,CENTRE_F1,CENTRE,1296.8,1225.7,20
2024-02-22,CENTRE_F1,CENTRE,1258.0,1210.4,20
2024-02-23,CENTRE_F1,CENTRE,1289.2,1228.4,20
2024-02-24,CENTRE_F1,CENTRE,763.2,743.7,20
2024-02-25,CENTRE_F1,CENTRE,775.8,756.0,20
2024-02-26,CENTRE_F1,CENTRE,1305.4,1232.3,20
2024-02-27,CENTRE_F1,CENTRE,1242.3,1218.2,20
2024-02-28,CENTRE_F1,CENTRE,1220.9,1167.8,20
2024-02-29,CENTRE_F1,CENTRE,1264.6,1228.3,20
2024-03-01,CENTRE_F1,CENTRE,1240.1,1185.0,20
2024-03-02,CENTRE_F1,CENTRE,795.4,768.2,20
2024-03-03,CENTRE_F1,CENTRE,770.5,737.3,20
2024-03-04,CENTRE_F1,CENTRE,1237.1,1212.5,20
2024-03-05,CENTRE_F1,CENTRE,1281.3,1238.9,20
2024-03-06,CENTRE_F1,CENTRE,1272.3,1230.6,20
2024-03-07,CENTRE_F1,CENTRE,1264.4,1212.0,20
2024-03-08,CENTRE_F1,CENTRE,1250.8,1206.2,20
2024-03-09,CENTRE_F1,CENTRE,778.6,743.4,20
2024-03-10,CENTRE_F1,CENTRE,741.2,718.2,20
2024-03-11,CENTRE_F1,CENTRE,1251.7,1220.3,20
2024-03-12,CENTRE_F1,CENTRE,1314.1,1271.4,20
2024-03-13,CENTRE_F1,CENTRE,1292.6,1244.6,20
2024-03-14,CENTRE_F1,CENTRE,1271.6,1219.2,20
2024-03-15,CENTRE_F1,CENTRE,1310.0,1237.9,20
2024-03-16,CENTRE_F1,CENTRE,751.8,721.3,20
2024-03-17,CENTRE_F1,CENTRE,798.7,753.2,20
2024-03-18,CENTRE_F1,CENTRE,1265.6,1220.0,20
2024-03-19,CENTRE_F1,CENTRE,1256.8,1220.1,20
2024-03-20,CENTRE_F1,CENTRE,1260.7,1219.0,20
2024-03-21,CENTRE_F1,CENTRE,1275.3,1206.9,20
2024-03-22,CENTRE_F1,CENTRE,1341.1,1268.6,20
2024-03-23,CENTRE_F1,CENTRE,756.5,716.0,20
2024-03-24,CENTRE_F1,CENTRE,753.8,737.5,20
2024-03-25,CENTRE_F1,CENTRE,1308.0,1263.1,20
2024-03-26,CENTRE_F1,CENTRE,1251.3,1219.5,20
2024-03-27,CENTRE_F1,CENTRE,1238.3,1208.7,20
2024-03-28,CENTRE_F1,CENTRE,1277.4,1220.2,20
2024-03-29,CENTRE_F1,CENTRE,1237.5,1209.6,20
2024-03-30,CENTRE_F1,CENTRE,788.0,750.6,20
2024-01-01,CENTRE_F2,CENTRE,531.4,513.4,19
2024-01-02,CENTRE_F2,CENTRE,577.7,546.8,19
2024-01-03,CENTRE_F2,CENTRE,526.4,514.8,19
2024-01-04,CENTRE_F2,CENTRE,529.0,515.4,19
2024-01-05,CENTRE_F2,CENTRE,531.8,521.6,19
2024-01-06,CENTRE_F2,CENTRE,427.9,408.8,19
2024-01-07,CENTRE_F2,CENTRE,459.2,439.4,19
2024-01-08,CENTRE_F2,CENTRE,535.3,517.8,19
2024-01-09,CENTRE_F2,CENTRE,520.1,499.4,19
2024-01-10,CENTRE_F2,CENTRE,537.3,513.2,19
2024-01-11,CENTRE_F2,CENTRE,517.3,506.3,19
2024-01-12,CENTRE_F2,CENTRE,533.9,508.3,19
2024-01-13,CENTRE_F2,CENTRE,425.2,415.2,19
2024-01-14,CENTRE_F2,CENTRE,425.7,403.5,19
2024-01-15,CENTRE_F2,CENTRE,565.8,539.4,19
2024-01-16,CENTRE_F2,CENTRE,512.7,500.7,19
2024-01-17,CENTRE_F2,CENTRE,536.4,508.3,19
2024-01-18,CENTRE_F2,CENTRE,532.9,516.6,19
2024-01-19,CENTRE_F2,CENTRE,562.0,533.1,19
2024-01-20,CENTRE_F2,CENTRE,425.4,409.1,19
2024-01-21,CENTRE_F2,CENTRE,424.6,411.6,19
2024-01-22,CENTRE_F2,CENTRE,499.8,478.1,19
2024-01-23,CENTRE_F2,CENTRE,538.8,511.8,19
2024-01-24,CENTRE_F2,CENTRE,530.2,519.6,19
2024-01-25,CENTRE_F2,CENTRE,544.1,518.1,19
2024-01-26,CENTRE_F2,CENTRE,529.6,517.0,19
2024-01-27,CENTRE_F2,CENTRE,434.9,411.6,19
2024-01-28,CENTRE_F2,CENTRE,467.0,445.0,19
2024-01-29,CENTRE_F2,CENTRE,558.9,540.3,19
2024-01-30,CENTRE_F2,CENTRE,516.4,505.5,19
2024-01-31,CENTRE_F2,CENTRE,567.2,537.2,19
2024-02-01,CENTRE_F2,CENTRE,534.6,519.8,19
2024-02-02,CENTRE_F2,CENTRE,540.0,516.0,19
2024-02-03,CENTRE_F2,CENTRE,447.4,433.6,19
2024-02-04,CENTRE_F2,CENTRE,423.8,406.0,19
2024-02-05,CENTRE_F2,CENTRE,547.2,523.0,19
2024-02-06,CENTRE_F2,CENTRE,535.3,515.3,19
2024-02-07,CENTRE_F2,CENTRE,537.7,510.3,19
2024-02-08,CENTRE_F2,CENTRE,521.9,499.1,19
2024-02-09,CENTRE_F2,CENTRE,543.9,520.0,19
2024-02-10,CENTRE_F2,CENTRE,419.1,400.4,19
2024-02-11,CENTRE_F2,CENTRE,428.1,416.5,19
2024-02-12,CENTRE_F2,CENTRE,547.5,529.2,19
2024-02-13,CENTRE_F2,CENTRE,521.0,505.2,19
2024-02-14,CENTRE_F2,CENTRE,537.1,525.4,19
2024-02-15,CENTRE_F2,CENTRE,534.4,513.2,19
2024-02-16,CENTRE_F2,CENTRE,521.9,504.9,19
2024-02-17,CENTRE_F2,CENTRE,429.2,413.4,19
2024-02-18,CENTRE_F2,CENTRE,408.4,398.8,19
2024-02-19,CENTRE_F2,CENTRE,541.0,522.1,19
2024-02-20,CENTRE_F2,CENTRE,557.8,537.2,19
2024-02-21,CENTRE_F2,CENTRE,570.1,545.1,19
2024-02-22,CENTRE_F2,CENTRE,518.6,496.7,19
2024-02-23,CENTRE_F2,CENTRE,516.4,499.1,19
2024-02-24,CENTRE_F2,CENTRE,449.8,425.6,19
2024-02-25,CENTRE_F2,CENTRE,448.1,431.9,19
2024-02-26,CENTRE_F2,CENTRE,524.0,511.2,19
2024-02-27,CENTRE_F2,CENTRE,526.8,503.6,19
2024-02-28,CENTRE_F2,CENTRE,548.9,532.2,19
2024-02-29,CENTRE_F2,CENTRE,535.6,507.0,19
2024-03-01,CENTRE_F2,CENTRE,525.7,510.8,19
2024-03-02,CENTRE_F2,CENTRE,440.9,419.8,19
2024-03-03,CENTRE_F2,CENTRE,428.6,414.6,19
2024-03-04,CENTRE_F2,CENTRE,533.9,508.6,19
2024-03-05,CENTRE_F2,CENTRE,560.9,544.7,19
2024-03-06,CENTRE_F2,CENTRE,558.6,536.6,19
2024-03-07,CENTRE_F2,CENTRE,551.1,529.5,19
2024-03-08,CENTRE_F2,CENTRE,579.7,565.1,19
2024-03-09,CENTRE_F2,CENTRE,441.8,418.6,19
2024-03-10,CENTRE_F2,CENTRE,445.4,432.8,19
2024-03-11,CENTRE_F2,CENTRE,524.4,507.0,19
2024-03-12,CENTRE_F2,CENTRE,517.5,494.8,19
2024-03-13,CENTRE_F2,CENTRE,527.4,505.8,19
2024-03-14,CENTRE_F2,CENTRE,547.6,520.7,19
2024-03-15,CENTRE_F2,CENTRE,555.8,525.5,19
2024-03-16,CENTRE_F2,CENTRE,415.5,403.0,19
2024-03-17,CENTRE_F2,CENTRE,443.2,433.0,19
2024-03-18,CENTRE_F2,CENTRE,523.3,505.7,19
2024-03-19,CENTRE_F2,CENTRE,539.3,523.1,19
2024-03-20,CENTRE_F2,CENTRE,547.1,533.0,19
2024-03-21,CENTRE_F2,CENTRE,551.0,520.2,19
2024-03-22,CENTRE_F2,CENTRE,566.1,549.6,19
2024-03-23,CENTRE_F2,CENTRE,424.8,408.9,19
2024-03-24,CENTRE_F2,CENTRE,439.9,415.6,19
2024-03-25,CENTRE_F2,CENTRE,535.3,505.7,19
2024-03-26,CENTRE_F2,CENTRE,537.7,523.5,19
2024-03-27,CENTRE_F2,CENTRE,529.4,502.8,19
2024-03-28,CENTRE_F2,CENTRE,538.7,520.4,19
2024-03-29,CENTRE_F2,CENTRE,539.6,527.7,19
2024-03-30,CENTRE_F2,CENTRE,437.9,416.3,19
2024-01-01,CENTRE_F3,CENTRE,1032.2,975.1,19
2024-01-02,CENTRE_F3,CENTRE,1014.0,960.9,19
2024-01-03,CENTRE_F3,CENTRE,1064.1,1007.0,19
2024-01-04,CENTRE_F3,CENTRE,960.1,940.9,19
2024-01-05,CENTRE_F3,CENTRE,1000.3,963.6,19
2024-01-06,CENTRE_F3,CENTRE,664.5,642.9,19
2024-01-07,CENTRE_F3,CENTRE,666.4,646.9,19
2024-01-08,CENTRE_F3,CENTRE,1006.3,982.7,19
2024-01-09,CENTRE_F3,CENTRE,983.8,949.9,19
2024-01-10,CENTRE_F3,CENTRE,1029.3,988.7,19
2024-01-11,CENTRE_F3,CENTRE,1038.2,987.5,19
2024-01-12,CENTRE_F3,CENTRE,1003.8,973.9,19
2024-01-13,CENTRE_F3,CENTRE,669.6,635.8,19
2024-01-14,CENTRE_F3,CENTRE,653.1,626.9,19
2024-01-15,CENTRE_F3,CENTRE,1036.4,977.9,19
2024-01-16,CENTRE_F3,CENTRE,1035.6,986.2,19
2024-01-17,CENTRE_F3,CENTRE,1079.4,1029.0,19
2024-01-18,CENTRE_F3,CENTRE,1024.3,992.9,19
2024-01-19,CENTRE_F3,CENTRE,975.7,938.3,19
2024-01-20,CENTRE_F3,CENTRE,668.1,631.7,19
2024-01-21,CENTRE_F3,CENTRE,703.9,666.5,19
2024-01-22,CENTRE_F3,CENTRE,992.8,948.4,19
2024-01-23,CENTRE_F3,CENTRE,1066.6,1024.7,19
2024-01-24,CENTRE_F3,CENTRE,1030.7,1006.6,19
2024-01-25,CENTRE_F3,CENTRE,1040.8,986.6,19
2024-01-26,CENTRE_F3,CENTRE,1033.3,1000.1,19
2024-01-27,CENTRE_F3,CENTRE,659.0,624.7,19
2024-01-28,CENTRE_F3,CENTRE,689.0,655.1,19
2024-01-29,CENTRE_F3,CENTRE,1021.4,972.2,19
2024-01-30,CENTRE_F3,CENTRE,1083.7,1033.9,19
2024-01-31,CENTRE_F3,CENTRE,1054.2,1009.3,19
2024-02-01,CENTRE_F3,CENTRE,984.9,937.7,19
2024-02-02,CENTRE_F3,CENTRE,1006.0,963.9,19
2024-02-03,CENTRE_F3,CENTRE,629.5,608.5,19
2024-02-04,CENTRE_F3,CENTRE,669.3,633.5,19
2024-02-05,CENTRE_F3,CENTRE,1047.1,1014.9,19
2024-02-06,CENTRE_F3,CENTRE,1030.6,1004.6,19
2024-02-07,CENTRE_F3,CENTRE,1010.3,978.9,19
2024-02-08,CENTRE_F3,CENTRE,1038.5,1008.2,19
2024-02-09,CENTRE_F3,CENTRE,1038.9,988.8,19
2024-02-10,CENTRE_F3,CENTRE,633.6,613.3,19
2024-02-11,CENTRE_F3,CENTRE,652.6,631.6,19
2024-02-12,CENTRE_F3,CENTRE,1026.4,996.5,19
2024-02-13,CENTRE_F3,CENTRE,1043.1,1000.1,19
2024-02-14,CENTRE_F3,CENTRE,1035.8,983.1,19
2024-02-15,CENTRE_F3,CENTRE,1085.1,1024.8,19
2024-02-16,CENTRE_F3,CENTRE,1054.3,1017.2,19
2024-02-17,CENTRE_F3,CENTRE,699.9,677.8,19
2024-02-18,CENTRE_F3,CENTRE,675.7,655.2,19
2024-02-19,CENTRE_F3,CENTRE,1035.0,982.3,19
2024-02-20,CENTRE_F3,CENTRE,1016.4,973.5,19
2024-02-21,CENTRE_F3,CENTRE,953.3,934.2,19
2024-02-22,CENTRE_F3,CENTRE,979.0,943.6,19
2024-02-23,CENTRE_F3,CENTRE,1023.5,986.2,19
2024-02-24,CENTRE_F3,CENTRE,649.2,617.8,19
2024-02-25,CENTRE_F3,CENTRE,638.4,603.1,19
2024-02-26,CENTRE_F3,CENTRE,1008.7,987.4,19
2024-02-27,CENTRE_F3,CENTRE,994.5,969.3,19
2024-02-28,CENTRE_F3,CENTRE,1015.5,973.2,19
2024-02-29,CENTRE_F3,CENTRE,1051.9,1008.5,19
2024-03-01,CENTRE_F3,CENTRE,1051.0,1008.4,19
2024-03-02,CENTRE_F3,CENTRE,647.0,626.1,19
2024-03-03,CENTRE_F3,CENTRE,611.4,598.0,19
2024-03-04,CENTRE_F3,CENTRE,1009.0,966.9,19
2024-03-05,CENTRE_F3,CENTRE,1066.7,1015.3,19
2024-03-06,CENTRE_F3,CENTRE,1007.4,970.8,19
2024-03-07,CENTRE_F3,CENTRE,982.8,960.9,19
2024-03-08,CENTRE_F3,CENTRE,1009.6,959.4,19
2024-03-09,CENTRE_F3,CENTRE,644.2,617.6,19
2024-03-10,CENTRE_F3,CENTRE,634.3,621.8,19
2024-03-11,CENTRE_F3,CENTRE,1058.2,1024.4,19
2024-03-12,CENTRE_F3,CENTRE,1035.3,985.7,19
2024-03-13,CENTRE_F3,CENTRE,1045.9,1008.2,19
2024-03-14,CENTRE_F3,CENTRE,985.3,964.8,19
2024-03-15,CENTRE_F3,CENTRE,1059.9,1007.0,19
2024-03-16,CENTRE_F3,CENTRE,618.1,590.4,19
2024-03-17,CENTRE_F3,CENTRE,639.8,614.4,19
2024-03-18,CENTRE_F3,CENTRE,1009.4,973.2,19
2024-03-19,CENTRE_F3,CENTRE,1030.4,1001.1,19
2024-03-20,CENTRE_F3,CENTRE,1034.7,988.4,19
2024-03-21,CENTRE_F3,CENTRE,1036.1,1014.4,19
2024-03-22,CENTRE_F3,CENTRE,1053.3,1004.6,19
2024-03-23,CENTRE_F3,CENTRE,656.2,629.0,19
2024-03-24,CENTRE_F3,CENTRE,652.6,629.6,19
2024-03-25,CENTRE_F3,CENTRE,1016.2,966.4,19
2024-03-26,CENTRE_F3,CENTRE,1031.6,998.8,19
2024-03-27,CENTRE_F3,CENTRE,964.3,939.6,19
2024-03-28,CENTRE_F3,CENTRE,979.9,945.2,19
2024-03-29,CENTRE_F3,CENTRE,1009.5,978.0,19
2024-03-30,CENTRE_F3,CENTRE,664.6,631.4,19
